Bloque,Concepto (comentario en el script),2017,2018,2019,2021,2022,2024,ENCOVI 2023,Estado
Demográficas,household id,NUM_HOGAR,NUM_HOGAR,NUM_HOGAR,NUM_HOGAR,hogar_num,NUM_HOGAR,NO_HOGAR,"Misma pregunta, código distinto"
Demográficas,domain / area (DOMINIO),DOMINIO,DOMINIO,DOMINIO,DOMINIO,dominio,DOMINIO,DOMINIO,"Misma pregunta, código distinto"
Demográficas,expansion factor,FACTOR_EXP,Factor_expansion,FACTOR,FACTOR,factor,FACTOR,FACTOR,"Misma pregunta, código distinto"
Demográficas,SEXO,PPA02,PPA02,PPA02,PPA02,P03A02,P02A02,PPA02,"Misma pregunta, código distinto"
Demográficas,EDAD,PPA03,PPA03,PPA03,PPA03,P03A03,P02A03,PPA03,"Misma pregunta, código distinto"
Demográficas,ETNIA,PPA06,PPA06,PPA06,PPA06,P03A06,P02A08,P04A07,"Misma pregunta, código distinto"
Demográficas,NIVEL EDUC,P03A05A,P03A05A,P03A05A,P03A05A,P04A05A,P03A03A,P06B26A,"Misma pregunta, código distinto"
Demográficas,OCUPADOS,OCUPADOS,OCUPADOS,OCUPADOS,OCUPADOS,Ocupados,OCUPADOS,OCUPADOS,"Misma pregunta, código distinto"
Ingreso laboral (efectivo),wage - primary occupation,P04C10,P04C10,P04C10,P04C10,P05C26,P05D01,P10C27,"Misma pregunta, código distinto"
Ingreso laboral (efectivo),extra hours - primary occupation,P04C11C,P04C11C,P04C11C,P04C11C,P05C27C,P05D02C,P10C28C,"Misma pregunta, código distinto"
Ingreso laboral (efectivo),comissions - primary occupation,P04C12B,P04C12B,P04C12B,P04C12B,P05C28B,P05D03B,P10C29B,"Misma pregunta, código distinto"
Ingreso laboral (efectivo),wage - secondary occupation,P04D06,P04D06,P04D06,P04D06,P05D08,P05G10,P10D09,"Misma pregunta, código distinto"
Ingreso laboral (efectivo),extra hours and comissions - secondary occupation,P04D09B,P04D09B,P04D09B,P04D09B,P05D10B,P05G12B,P10D11B,"Misma pregunta, código distinto"
Ingreso laboral (efectivo),non-agricultural revenue - primary occupation,P04C22,P04C22,P04C22,P04C22,P05C46,P05E10,P10C47,"Misma pregunta, código distinto"
Ingreso laboral (efectivo),agricultural revenue - primary occupation,P04C23,P04C23,P04C23,P04C23,P05C47,P05E11,P10C48,"Misma pregunta, código distinto"
Ingreso laboral (efectivo),non-agricultural revenue - secondary occupation,P04D12,P04D12,P04D12,P04D12,—,—,—,"Ausente en: 2022, 2024, ENCOVI 2023"
Ingreso laboral (efectivo),agricultural revenue - secondary occupation,P04D13,P04D13,P04D13,P04D13,—,—,—,"Ausente en: 2022, 2024, ENCOVI 2023"
Ingreso laboral (efectivo),self-consumption - primary occupation,—,—,—,—,P05C49B,P05E12B,P10C50B,"Ausente en: 2017, 2018, 2019, 2021"
Ingreso laboral (efectivo),net revenue - secondary occupation,—,—,—,—,P05D13,P05G26,P10D14,"Ausente en: 2017, 2018, 2019, 2021"
Ingreso laboral (efectivo),self-consumption - secondary occupation,—,—,—,—,P05D15B,P05G27B,P10D16B,"Ausente en: 2017, 2018, 2019, 2021"
Ingreso laboral 12 meses,worked during vacations,P04C13B,P04C13B,P04C13B,P04C13B,P05C29B,P05D08B,P10C30B,"Misma pregunta, código distinto"
Ingreso laboral 12 meses,14th salary - primary occupation,P04C14B,P04C14B,P04C14B,P04C14B,P05C30B,P05D09B,P10C31B,"Misma pregunta, código distinto"
Ingreso laboral 12 meses,13th salary - primary occupation,P04C15B,P04C15B,P04C15B,P04C15B,P05C31B,P05D10B,P10C32B,"Misma pregunta, código distinto"
Ingreso laboral 12 meses,vacation bonus,P04C16B,P04C16B,P04C16B,P04C16B,P05C32B,P05D11B,P10C33B,"Misma pregunta, código distinto"
Ingreso laboral 12 meses,15th salary,P04C17B,P04C17B,P04C17B,P04C17B,P05C33B,P05D12B,P10C34B,"Misma pregunta, código distinto"
Ingreso laboral 12 meses,Productivity Bonus,P04C21B,P04C21B,P04C21B,P04C21B,P05C37B,P05D07B,P10C38B,"Misma pregunta, código distinto"
Ingreso laboral 12 meses,"15th salary, productivity or vacation bonus - secondary occupation",P04D08B,P04D08B,P04D08B,P04D08B,—,—,—,"Ausente en: 2022, 2024, ENCOVI 2023"
Ingreso laboral 12 meses,accident indemnization,—,—,—,—,P05C38B,P05D13B,P10C39B,"Ausente en: 2017, 2018, 2019, 2021"
Ingreso laboral 12 meses,layoff indemnization,—,—,—,—,P05C39B,P05D14B,P10C40B,"Ausente en: 2017, 2018, 2019, 2021"
Ingreso laboral 12 meses,14th salary - secondary occupation,P04D10B,P04D10B,P04D10B,P04D10B,P05D11B,P05G13B,P10D12B,"Misma pregunta, código distinto"
Ingreso laboral 12 meses,13th salary - secondary occupation,P04D11B,P04D11B,P04D11B,P04D11B,P05D12B,P05G14B,P10D13B,"Misma pregunta, código distinto"
Ingreso laboral en especie,Food - primary occupation,P04C18B,P04C18B,P04C18B,P04C18B,P05C34B,P05D04B,P10C35B,"Misma pregunta, código distinto"
Ingreso laboral en especie,Housing - primary occupation,P04C19B,P04C19B,P04C19B,P04C19B,P05C35B,P05D05B,P10C36B,"Misma pregunta, código distinto"
Ingreso laboral en especie,Transportation - primary occupation,P04C20B,P04C20B,P04C20B,P04C20B,P05C36B,P05D06B,P10C37B,"Misma pregunta, código distinto"
Ingreso laboral en especie,"Food, housing and transportation - secondary occupation",P04D07B,P04D07B,P04D07B,P04D07B,P05D09B,P05G11B,P10D10B,"Misma pregunta, código distinto"
Jefe de hogar,Head of household - food,P05A21B,P05A21B,P05A21B,P05A22B,—,—,—,"Ausente en: 2022, 2024, ENCOVI 2023"
Ingreso no laboral (3 meses),rentals,P05A01B,P05A01B,P05A01B,P05A01B,P06A01B,P06A01B,P11A01B,"Misma pregunta, código distinto"
Ingreso no laboral (3 meses),interests or dividends,P05A02B,P05A02B,P05A02B,P05A02B,P06A02B,P06A02B,P11A02B,"Misma pregunta, código distinto"
Ingreso no laboral (3 meses),donations,P05A03B,P05A03B,P05A03B,P05A03B,P06A03B,P06A03B,P11A03B,"Misma pregunta, código distinto"
Ingreso no laboral (3 meses),allimony payments,P05A04B,P05A04B,P05A04B,P05A04B,P06A04B,P06A04B,P11A04B,"Misma pregunta, código distinto"
Ingreso no laboral (3 meses),pensions,P05A05B,P05A05B,P05A05B,P05A05B,P06A05B,P06A05B,P11A05B,"Misma pregunta, código distinto"
Ingreso no laboral (3 meses),scholarships or transfers,P05A06B,P05A06B,P05A06B,P05A06B,P06A06B,P06A06B,—,Ausente en: ENCOVI 2023
Ingreso no laboral (3 meses),unemployment insurance,P05A07B,P05A07B,P05A07B,P05A07B,P06A07B,P06A07B,P11A06B,"Misma pregunta, código distinto"
Ingreso no laboral (12 meses),harvest selling,P05A14B,P05A14B,P05A14B,P05A14B,P06B01B,P06B01B,P11B01B,"Misma pregunta, código distinto"
Ingreso no laboral (12 meses),Other job  /  Other business (non-agro),P05A15B,P05A15B,P05A15B,P05A15B,P06B02B,P06B02B,P11B02B,"Misma pregunta, código distinto"
Ingreso no laboral (12 meses),Other income,P05A16B,P05A16B,P05A16B,P05A16B,P06B03B,P06B03B,P11B08B,"Misma pregunta, código distinto"
Ingreso no laboral (12 meses),brand property,P05A08B,P05A08B,P05A08B,P05A08B,P06B04B,P06B04B,P11B03B,"Misma pregunta, código distinto"
Ingreso no laboral (12 meses),indemnizations,P05A09B,P05A09B,P05A09B,P05A09B,—,—,—,"Ausente en: 2022, 2024, ENCOVI 2023"
Ingreso no laboral (12 meses),lottery awards,P05A10B,P05A10B,P05A10B,P05A10B,P06B05B,—,P11B04B,Ausente en: 2024
Ingreso no laboral (12 meses),inheritances,P05A11B,P05A11B,P05A11B,P05A11B,P06B06B,—,P11B05B,Ausente en: 2024
Ingreso no laboral (12 meses),asset selling,P05A12B,P05A12B,P05A12B,P05A12B,P06B07B,—,P11B06B,Ausente en: 2024
Ingreso no laboral (12 meses),shares/stocks selling,P05A13B,P05A13B,P05A13B,P05A13B,P06B08B,—,P11B07B,Ausente en: 2024
Remesas,remittances - month1,P05A18B,P05A18B,P05A18B,P05A18B,P06C02B,P06C02B,P11C02B,"Misma pregunta, código distinto"
Remesas,remittances - month2,P05A19B,P05A19B,P05A19B,P05A19B,P06C03B,P06C03B,P11C03B,"Misma pregunta, código distinto"
Remesas,remittances - month3,P05A20B,P05A20B,P05A20B,P05A20B,P06C04B,P06C04B,P11C04B,"Misma pregunta, código distinto"
