period,mode,age_cutoff,span,n_cohorts,n_pairs,y_t,predicted_y_t1
2016-2019,retuned,Main (14-60),0.30000000000000004,96,276,500,667.4714822017075
2016-2019,retuned,Main (14-60),0.30000000000000004,96,276,1500,1774.465203868428
2016-2019,retuned,Main (14-60),0.30000000000000004,96,276,3000,3148.0276606987836
2016-2019,retuned,Main (14-60),0.30000000000000004,96,276,5000,5402.976265912795
2016-2019,retuned,v1 (13-59),3,96,276,500,473.90478940722085
2016-2019,retuned,v1 (13-59),3,96,276,1500,1685.9324053804785
2016-2019,retuned,v1 (13-59),3,96,276,3000,3266.5485961539
2016-2019,retuned,v1 (13-59),3,96,276,5000,4930.617301645563
2016-2019,retuned,v2 (15-61),0.275,96,276,500,688.043917439378
2016-2019,retuned,v2 (15-61),0.275,96,276,1500,1779.960287291103
2016-2019,retuned,v2 (15-61),0.275,96,276,3000,3153.2659136525835
2016-2019,retuned,v2 (15-61),0.275,96,276,5000,5474.015888289474
2016-2019,retuned,v3 (12-58),3,95,274,500,480.4631176996671
2016-2019,retuned,v3 (12-58),3,95,274,1500,1688.5302701067694
2016-2019,retuned,v3 (12-58),3,95,274,3000,3268.825214958157
2016-2019,retuned,v3 (12-58),3,95,274,5000,4943.349534612749
2016-2019,retuned,v4 (16-62),0.225,96,276,500,774.9066457340532
2016-2019,retuned,v4 (16-62),0.225,96,276,1500,1776.2733213862991
2016-2019,retuned,v4 (16-62),0.225,96,276,3000,3143.6628625980607
2016-2019,retuned,v4 (16-62),0.225,96,276,5000,5695.112926548858
2016-2019,fixed_baseline,Main (14-60),0.30000000000000004,96,276,500,667.4714822017075
2016-2019,fixed_baseline,Main (14-60),0.30000000000000004,96,276,1500,1774.465203868428
2016-2019,fixed_baseline,Main (14-60),0.30000000000000004,96,276,3000,3148.0276606987836
2016-2019,fixed_baseline,Main (14-60),0.30000000000000004,96,276,5000,5402.976265912795
2016-2019,fixed_baseline,v1 (13-59),0.30000000000000004,96,276,500,670.5258250214154
2016-2019,fixed_baseline,v1 (13-59),0.30000000000000004,96,276,1500,1781.4889584271625
2016-2019,fixed_baseline,v1 (13-59),0.30000000000000004,96,276,3000,3145.12892942547
2016-2019,fixed_baseline,v1 (13-59),0.30000000000000004,96,276,5000,5384.636906005238
2016-2019,fixed_baseline,v2 (15-61),0.30000000000000004,96,276,500,688.1841684385066
2016-2019,fixed_baseline,v2 (15-61),0.30000000000000004,96,276,1500,1778.8492589266912
2016-2019,fixed_baseline,v2 (15-61),0.30000000000000004,96,276,3000,3156.8723025596855
2016-2019,fixed_baseline,v2 (15-61),0.30000000000000004,96,276,5000,5402.740950970536
2016-2019,fixed_baseline,v3 (12-58),0.30000000000000004,95,274,500,669.772356086216
2016-2019,fixed_baseline,v3 (12-58),0.30000000000000004,95,274,1500,1781.3460783569096
2016-2019,fixed_baseline,v3 (12-58),0.30000000000000004,95,274,3000,3145.10230264015
2016-2019,fixed_baseline,v3 (12-58),0.30000000000000004,95,274,5000,5388.342993566068
2016-2019,fixed_baseline,v4 (16-62),0.30000000000000004,96,276,500,773.9638104003119
2016-2019,fixed_baseline,v4 (16-62),0.30000000000000004,96,276,1500,1778.4086014570594
2016-2019,fixed_baseline,v4 (16-62),0.30000000000000004,96,276,3000,3156.8723025596837
2016-2019,fixed_baseline,v4 (16-62),0.30000000000000004,96,276,5000,5426.807448448375
2021-2024,retuned,Main (14-60),0.30000000000000004,96,276,500,894.0471156475883
2021-2024,retuned,Main (14-60),0.30000000000000004,96,276,1500,2127.8089236936175
2021-2024,retuned,Main (14-60),0.30000000000000004,96,276,3000,3298.0484386150947
2021-2024,retuned,Main (14-60),0.30000000000000004,96,276,5000,5060.5312031669255
2021-2024,retuned,v1 (13-59),0.675,94,274,500,942.5126548523785
2021-2024,retuned,v1 (13-59),0.675,94,274,1500,2022.2629160204094
2021-2024,retuned,v1 (13-59),0.675,94,274,3000,3236.269073719172
2021-2024,retuned,v1 (13-59),0.675,94,274,5000,5123.906394341627
2021-2024,retuned,v2 (15-61),0.6,96,276,500,872.1858733680108
2021-2024,retuned,v2 (15-61),0.6,96,276,1500,2076.466433490733
2021-2024,retuned,v2 (15-61),0.6,96,276,3000,3237.7306816914906
2021-2024,retuned,v2 (15-61),0.6,96,276,5000,5141.112795728133
2021-2024,retuned,v3 (12-58),0.325,94,271,500,875.9520873771369
2021-2024,retuned,v3 (12-58),0.325,94,271,1500,2126.9308958486463
2021-2024,retuned,v3 (12-58),0.325,94,271,3000,3274.359732842256
2021-2024,retuned,v3 (12-58),0.325,94,271,5000,5055.25488699583
2021-2024,retuned,v4 (16-62),0.42500000000000004,96,276,500,NA
2021-2024,retuned,v4 (16-62),0.42500000000000004,96,276,1500,2161.847174576116
2021-2024,retuned,v4 (16-62),0.42500000000000004,96,276,3000,3233.0179311366865
2021-2024,retuned,v4 (16-62),0.42500000000000004,96,276,5000,5107.130564206879
2021-2024,fixed_baseline,Main (14-60),0.30000000000000004,96,276,500,894.0471156475883
2021-2024,fixed_baseline,Main (14-60),0.30000000000000004,96,276,1500,2127.8089236936175
2021-2024,fixed_baseline,Main (14-60),0.30000000000000004,96,276,3000,3298.0484386150947
2021-2024,fixed_baseline,Main (14-60),0.30000000000000004,96,276,5000,5060.5312031669255
2021-2024,fixed_baseline,v1 (13-59),0.30000000000000004,94,274,500,910.0847832388578
2021-2024,fixed_baseline,v1 (13-59),0.30000000000000004,94,274,1500,2107.091072602464
2021-2024,fixed_baseline,v1 (13-59),0.30000000000000004,94,274,3000,3288.6203581418617
2021-2024,fixed_baseline,v1 (13-59),0.30000000000000004,94,274,5000,5071.557067046949
2021-2024,fixed_baseline,v2 (15-61),0.30000000000000004,96,276,500,971.1303377330714
2021-2024,fixed_baseline,v2 (15-61),0.30000000000000004,96,276,1500,2116.021325276607
2021-2024,fixed_baseline,v2 (15-61),0.30000000000000004,96,276,3000,3259.7503301641327
2021-2024,fixed_baseline,v2 (15-61),0.30000000000000004,96,276,5000,5056.515932513505
2021-2024,fixed_baseline,v3 (12-58),0.30000000000000004,94,271,500,870.9500715905132
2021-2024,fixed_baseline,v3 (12-58),0.30000000000000004,94,271,1500,2105.0005276629336
2021-2024,fixed_baseline,v3 (12-58),0.30000000000000004,94,271,3000,3290.922413149264
2021-2024,fixed_baseline,v3 (12-58),0.30000000000000004,94,271,5000,5050.637704759299
2021-2024,fixed_baseline,v4 (16-62),0.30000000000000004,96,276,500,NA
2021-2024,fixed_baseline,v4 (16-62),0.30000000000000004,96,276,1500,2120.657380892928
2021-2024,fixed_baseline,v4 (16-62),0.30000000000000004,96,276,3000,3272.9864910725382
2021-2024,fixed_baseline,v4 (16-62),0.30000000000000004,96,276,5000,5055.097652423274
