"regression","optimal_span","cv_mse","n_cohorts","n_rows","folds","seed","at_grid_boundary","weight"
"2016-2019 General y1",0.3,581674.447731431,96,276,10,123,FALSE,"weights_total_1"
"2016-2019 General y2",0.3,578222.062720463,96,276,10,123,FALSE,"weights_total_1"
"2016-2019 General y3",0.35,631411.316294877,96,276,10,123,FALSE,"weights_total_1"
"2016-2019 General y4",0.3,626051.38290784,96,276,10,123,FALSE,"weights_total_1"
"Capacity Curve 2016 - 2019: Males vs. Females Males",0.325,1171819.27291721,96,276,10,123,FALSE,"weights_total_1"
"Capacity Curve 2016 - 2019: Males vs. Females Females",0.375,358708.056082967,96,276,10,123,FALSE,"weights_total_1"
"Capacity Curve 2016 - 2019: Urban vs. Rural Urban",0.35,1006553.11610535,96,276,10,123,FALSE,"weights_total_1"
"Capacity Curve 2016 - 2019: Urban vs. Rural Rural",0.275,559043.306619596,95,271,10,123,FALSE,"weights_total_1"
"Capacity Curve 2016-2019: Indigenous vs. Non-indigenous Indigenous",0.675,279827.781153679,96,271,10,123,FALSE,"weights_total_1"
"Capacity Curve 2016-2019: Indigenous vs. Non-indigenous Non-indigenous",0.35,1076191.93748136,96,276,10,123,FALSE,"weights_total_1"
"Capacity Curve 2016-2019: By Percentile Bottom 99",0.575,133337.116134606,96,276,10,123,FALSE,"weights_total_1"
"Capacity Curve 2016-2019: By Percentile Bottom 90",0.35,87602.5652099026,96,276,10,123,FALSE,"weights_total_1"
"Capacity Curve 2016-2019: By Percentile Bottom 50",0.925,54875.5528715241,96,272,10,123,FALSE,"weights_total_1"
