Variable,general,males,females,urban,rural,indigenous,non-indigenous
Labor income (t),2607.3 (1835.7),2907.2 (2200.0),2093.2 (1454.8),2883.1 (1869.6),1922.4 (1420.2),1900.5 (1314.9),2822.2 (1887.4)
Labor income (t+1),2685.5 (1792.5),2964.6 (2130.7),2213.9 (1530.2),2949.1 (1811.5),2085.0 (1570.0),1997.3 (1351.3),2915.5 (1853.0)
Incl. in-kind (t),2687.2 (1829.6),2988.3 (2201.6),2173.3 (1434.8),2961.9 (1862.7),2003.5 (1419.3),1972.3 (1303.3),2905.3 (1879.7)
Incl. in-kind (t+1),2753.5 (1786.4),3033.8 (2129.6),2283.4 (1512.2),3015.5 (1804.7),2156.1 (1569.4),2058.9 (1340.6),2986.7 (1845.5)
Incl. non-labor (t),2822.6 (1947.4),3133.9 (2350.7),2289.0 (1527.4),3103.9 (1990.7),2108.7 (1478.6),2083.8 (1425.3),3049.3 (1993.5)
Incl. non-labor (t+1),2867.7 (1869.6),3156.9 (2241.0),2383.1 (1569.6),3131.6 (1889.2),2248.4 (1609.0),2144.7 (1400.6),3110.3 (1929.8)
Incl. remittances (t),2866.2 (1954.8),3165.2 (2352.4),2353.0 (1541.1),3143.4 (1995.0),2170.9 (1515.3),2132.5 (1426.9),3087.8 (2004.1)
Incl. remittances (t+1),2907.3 (1870.3),3185.5 (2238.1),2441.5 (1573.3),3165.8 (1890.8),2297.9 (1621.2),2180.2 (1395.6),3146.2 (1934.4)
Cohort transitions (N),276,276,276,276,271,271,276
