period,delta,span,selected_span,n_cohorts,n_pairs,y_t,predicted_y_t1
2016-2019,-0.05,0.25000000000000006,0.30000000000000004,96,276,500,667.6361968427028
2016-2019,-0.05,0.25000000000000006,0.30000000000000004,96,276,1500,1775.429704602825
2016-2019,-0.05,0.25000000000000006,0.30000000000000004,96,276,3000,3139.627207421403
2016-2019,-0.05,0.25000000000000006,0.30000000000000004,96,276,5000,5512.348545440451
2016-2019,-0.01,0.29000000000000004,0.30000000000000004,96,276,500,667.5276091690483
2016-2019,-0.01,0.29000000000000004,0.30000000000000004,96,276,1500,1774.3369864686904
2016-2019,-0.01,0.29000000000000004,0.30000000000000004,96,276,3000,3147.4431642862064
2016-2019,-0.01,0.29000000000000004,0.30000000000000004,96,276,5000,5403.608992745472
2016-2019,0,0.30000000000000004,0.30000000000000004,96,276,500,667.4714822017075
2016-2019,0,0.30000000000000004,0.30000000000000004,96,276,1500,1774.465203868428
2016-2019,0,0.30000000000000004,0.30000000000000004,96,276,3000,3148.0276606987836
2016-2019,0,0.30000000000000004,0.30000000000000004,96,276,5000,5402.976265912795
2016-2019,0.01,0.31000000000000005,0.30000000000000004,96,276,500,667.3380045527341
2016-2019,0.01,0.31000000000000005,0.30000000000000004,96,276,1500,1774.595182220558
2016-2019,0.01,0.31000000000000005,0.30000000000000004,96,276,3000,3148.532291954481
2016-2019,0.01,0.31000000000000005,0.30000000000000004,96,276,5000,5381.330233728509
2016-2019,0.05,0.35000000000000003,0.30000000000000004,96,276,500,666.8448507504077
2016-2019,0.05,0.35000000000000003,0.30000000000000004,96,276,1500,1770.313196084121
2016-2019,0.05,0.35000000000000003,0.30000000000000004,96,276,3000,3148.9271686933553
2016-2019,0.05,0.35000000000000003,0.30000000000000004,96,276,5000,5303.254975655296
2021-2024,-0.05,0.25000000000000006,0.30000000000000004,96,276,500,903.0796611479994
2021-2024,-0.05,0.25000000000000006,0.30000000000000004,96,276,1500,2109.04553772217
2021-2024,-0.05,0.25000000000000006,0.30000000000000004,96,276,3000,3329.3811698478717
2021-2024,-0.05,0.25000000000000006,0.30000000000000004,96,276,5000,5013.889107319529
2021-2024,-0.01,0.29000000000000004,0.30000000000000004,96,276,500,896.1827801528932
2021-2024,-0.01,0.29000000000000004,0.30000000000000004,96,276,1500,2125.7550800667655
2021-2024,-0.01,0.29000000000000004,0.30000000000000004,96,276,3000,3303.3919489849213
2021-2024,-0.01,0.29000000000000004,0.30000000000000004,96,276,5000,5059.364450558945
2021-2024,0,0.30000000000000004,0.30000000000000004,96,276,500,894.0471156475883
2021-2024,0,0.30000000000000004,0.30000000000000004,96,276,1500,2127.8089236936175
2021-2024,0,0.30000000000000004,0.30000000000000004,96,276,3000,3298.0484386150947
2021-2024,0,0.30000000000000004,0.30000000000000004,96,276,5000,5060.5312031669255
2021-2024,0.01,0.31000000000000005,0.30000000000000004,96,276,500,892.9818511251069
2021-2024,0.01,0.31000000000000005,0.30000000000000004,96,276,1500,2130.7979805670248
2021-2024,0.01,0.31000000000000005,0.30000000000000004,96,276,3000,3294.84096380312
2021-2024,0.01,0.31000000000000005,0.30000000000000004,96,276,5000,5061.162344019744
2021-2024,0.05,0.35000000000000003,0.30000000000000004,96,276,500,878.1391695759044
2021-2024,0.05,0.35000000000000003,0.30000000000000004,96,276,1500,2153.829776034841
2021-2024,0.05,0.35000000000000003,0.30000000000000004,96,276,3000,3269.6432230464566
2021-2024,0.05,0.35000000000000003,0.30000000000000004,96,276,5000,5069.413890469974
