x,y,label
0,NA,-0.05 (span 0.250)
70.70707070707071,NA,-0.05 (span 0.250)
141.41414141414143,NA,-0.05 (span 0.250)
212.12121212121212,335.3308307711394,-0.05 (span 0.250)
282.82828282828285,417.2881728553334,-0.05 (span 0.250)
353.5353535353536,499.2562746446475,-0.05 (span 0.250)
424.24242424242425,580.879510249846,-0.05 (span 0.250)
494.949494949495,661.8771339864259,-0.05 (span 0.250)
565.6565656565657,742.1776381686783,-0.05 (span 0.250)
636.3636363636364,821.8457357039042,-0.05 (span 0.250)
707.0707070707072,901.0886231878567,-0.05 (span 0.250)
777.7777777777778,979.3105976913317,-0.05 (span 0.250)
848.4848484848485,1053.3249948191428,-0.05 (span 0.250)
919.1919191919193,1121.7002613739385,-0.05 (span 0.250)
989.89898989899,1188.7707458920586,-0.05 (span 0.250)
1060.6060606060607,1256.429946685047,-0.05 (span 0.250)
1131.3131313131314,1306.8078428289668,-0.05 (span 0.250)
1202.020202020202,1386.5771816056495,-0.05 (span 0.250)
1272.7272727272727,1463.737151008771,-0.05 (span 0.250)
1343.4343434343436,1535.615708370477,-0.05 (span 0.250)
1414.1414141414143,1629.5923785986354,-0.05 (span 0.250)
1484.848484848485,1753.8472129969252,-0.05 (span 0.250)
1555.5555555555557,1820.4035335351332,-0.05 (span 0.250)
1626.2626262626263,1758.3095020914297,-0.05 (span 0.250)
1696.969696969697,1638.4265422856593,-0.05 (span 0.250)
1767.676767676768,1749.780761960039,-0.05 (span 0.250)
1838.3838383838386,1909.592746512185,-0.05 (span 0.250)
1909.0909090909092,1927.1543467423471,-0.05 (span 0.250)
1979.79797979798,1906.0743160615218,-0.05 (span 0.250)
2050.505050505051,1974.9431395642614,-0.05 (span 0.250)
2121.2121212121215,2115.7331390099216,-0.05 (span 0.250)
2191.919191919192,2197.0317077323525,-0.05 (span 0.250)
2262.626262626263,2295.9996903775836,-0.05 (span 0.250)
2333.3333333333335,2405.6438901432157,-0.05 (span 0.250)
2404.040404040404,2497.2722144297986,-0.05 (span 0.250)
2474.747474747475,2586.171197213166,-0.05 (span 0.250)
2545.4545454545455,2680.152022655694,-0.05 (span 0.250)
2616.161616161616,2774.39573230544,-0.05 (span 0.250)
2686.8686868686873,2853.460660447282,-0.05 (span 0.250)
2757.575757575758,2929.1637071706455,-0.05 (span 0.250)
2828.2828282828286,2998.062811069272,-0.05 (span 0.250)
2898.9898989898993,3056.7066827151966,-0.05 (span 0.250)
2969.69696969697,3113.7319069890787,-0.05 (span 0.250)
3040.4040404040406,3179.368794068341,-0.05 (span 0.250)
3111.1111111111113,3250.4268476982934,-0.05 (span 0.250)
3181.818181818182,3328.651260917358,-0.05 (span 0.250)
3252.5252525252527,3414.2049024620997,-0.05 (span 0.250)
3323.2323232323233,3500.0794694305196,-0.05 (span 0.250)
3393.939393939394,3586.3001688105182,-0.05 (span 0.250)
3464.646464646465,3677.078218236179,-0.05 (span 0.250)
3535.353535353536,3771.174454176299,-0.05 (span 0.250)
3606.0606060606065,3865.217604068798,-0.05 (span 0.250)
3676.767676767677,3957.0530734567983,-0.05 (span 0.250)
3747.474747474748,4053.4180682279707,-0.05 (span 0.250)
3818.1818181818185,4159.210260835479,-0.05 (span 0.250)
3888.888888888889,4248.41197918827,-0.05 (span 0.250)
3959.59595959596,4316.966640834917,-0.05 (span 0.250)
4030.3030303030305,4369.661061245562,-0.05 (span 0.250)
4101.010101010102,4379.912669620721,-0.05 (span 0.250)
4171.717171717172,4359.788878636731,-0.05 (span 0.250)
4242.424242424243,4394.017852073696,-0.05 (span 0.250)
4313.131313131314,4475.403046926255,-0.05 (span 0.250)
4383.838383838384,4642.137495573338,-0.05 (span 0.250)
4454.545454545455,4852.798127824141,-0.05 (span 0.250)
4525.252525252526,5053.2368277885835,-0.05 (span 0.250)
4595.959595959596,5207.7280482641,-0.05 (span 0.250)
4666.666666666667,5314.265113094862,-0.05 (span 0.250)
4737.373737373738,5383.320052123942,-0.05 (span 0.250)
4808.080808080808,5477.828308969269,-0.05 (span 0.250)
4878.787878787879,5540.745250288015,-0.05 (span 0.250)
4949.49494949495,5521.496192499444,-0.05 (span 0.250)
5020.20202020202,5507.633518983965,-0.05 (span 0.250)
5090.909090909091,5508.0015731433905,-0.05 (span 0.250)
5161.616161616162,5484.408431538349,-0.05 (span 0.250)
5232.323232323232,5446.620613086485,-0.05 (span 0.250)
5303.030303030304,5409.076464906661,-0.05 (span 0.250)
5373.737373737375,5363.388300947285,-0.05 (span 0.250)
5444.444444444445,5294.289459532615,-0.05 (span 0.250)
5515.151515151516,5248.670337681482,-0.05 (span 0.250)
5585.858585858587,5205.18647079787,-0.05 (span 0.250)
5656.565656565657,5162.634662513931,-0.05 (span 0.250)
5727.272727272728,5119.5972262801515,-0.05 (span 0.250)
5797.979797979799,5075.383213974809,-0.05 (span 0.250)
5868.686868686869,5029.887084720601,-0.05 (span 0.250)
5939.39393939394,4983.317064348618,-0.05 (span 0.250)
6010.101010101011,4934.566638866563,-0.05 (span 0.250)
6080.808080808081,4888.265072512391,-0.05 (span 0.250)
6151.515151515152,4847.491909980228,-0.05 (span 0.250)
6222.222222222223,4815.078608829636,-0.05 (span 0.250)
6292.929292929293,4789.65262453683,-0.05 (span 0.250)
6363.636363636364,4768.875691458488,-0.05 (span 0.250)
6434.343434343435,4751.160287200421,-0.05 (span 0.250)
6505.050505050505,4735.615321169682,-0.05 (span 0.250)
6575.757575757576,4721.7471284880085,-0.05 (span 0.250)
6646.464646464647,4709.28593750548,-0.05 (span 0.250)
6717.171717171717,4698.068692887972,-0.05 (span 0.250)
6787.878787878788,4687.983626384171,-0.05 (span 0.250)
6858.58585858586,4678.94526478379,-0.05 (span 0.250)
6929.29292929293,4670.89468564072,-0.05 (span 0.250)
7000,4663.823003369564,-0.05 (span 0.250)
0,NA,-0.01 (span 0.290)
70.70707070707071,NA,-0.01 (span 0.290)
141.41414141414143,NA,-0.01 (span 0.290)
212.12121212121212,334.0825551536223,-0.01 (span 0.290)
282.82828282828285,417.0201245876607,-0.01 (span 0.290)
353.5353535353536,499.4541623727398,-0.01 (span 0.290)
424.24242424242425,581.117074964173,-0.01 (span 0.290)
494.949494949495,661.8032790790824,-0.01 (span 0.290)
565.6565656565657,741.4705718512278,-0.01 (span 0.290)
636.3636363636364,820.1803431412284,-0.01 (span 0.290)
707.0707070707072,898.1363445832992,-0.01 (span 0.290)
777.7777777777778,975.2627465920359,-0.01 (span 0.290)
848.4848484848485,1049.9496566852695,-0.01 (span 0.290)
919.1919191919193,1120.5321013121802,-0.01 (span 0.290)
989.89898989899,1188.0879630074187,-0.01 (span 0.290)
1060.6060606060607,1254.957648196341,-0.01 (span 0.290)
1131.3131313131314,1313.822037824953,-0.01 (span 0.290)
1202.020202020202,1377.7423567226297,-0.01 (span 0.290)
1272.7272727272727,1464.0580279184926,-0.01 (span 0.290)
1343.4343434343436,1540.7659916985835,-0.01 (span 0.290)
1414.1414141414143,1642.028538620251,-0.01 (span 0.290)
1484.848484848485,1752.3953304730323,-0.01 (span 0.290)
1555.5555555555557,1820.2729920415586,-0.01 (span 0.290)
1626.2626262626263,1739.5108098656951,-0.01 (span 0.290)
1696.969696969697,1655.7082702122177,-0.01 (span 0.290)
1767.676767676768,1759.5733379554563,-0.01 (span 0.290)
1838.3838383838386,1873.6652644848186,-0.01 (span 0.290)
1909.0909090909092,1892.6430144947142,-0.01 (span 0.290)
1979.79797979798,1916.2009522078151,-0.01 (span 0.290)
2050.505050505051,2016.9935206584332,-0.01 (span 0.290)
2121.2121212121215,2127.094738853082,-0.01 (span 0.290)
2191.919191919192,2205.9265413378844,-0.01 (span 0.290)
2262.626262626263,2303.999367646902,-0.01 (span 0.290)
2333.3333333333335,2403.3767834724194,-0.01 (span 0.290)
2404.040404040404,2492.192916211895,-0.01 (span 0.290)
2474.747474747475,2581.929612755848,-0.01 (span 0.290)
2545.4545454545455,2677.9137297508187,-0.01 (span 0.290)
2616.161616161616,2767.515818294305,-0.01 (span 0.290)
2686.8686868686873,2846.2022293216914,-0.01 (span 0.290)
2757.575757575758,2922.600968902472,-0.01 (span 0.290)
2828.2828282828286,2989.9322915272014,-0.01 (span 0.290)
2898.9898989898993,3054.7094440164738,-0.01 (span 0.290)
2969.69696969697,3118.661577235782,-0.01 (span 0.290)
3040.4040404040406,3187.3475785444043,-0.01 (span 0.290)
3111.1111111111113,3258.110401406794,-0.01 (span 0.290)
3181.818181818182,3337.8975627213113,-0.01 (span 0.290)
3252.5252525252527,3426.928998520037,-0.01 (span 0.290)
3323.2323232323233,3515.9368290462708,-0.01 (span 0.290)
3393.939393939394,3606.0626369460147,-0.01 (span 0.290)
3464.646464646465,3694.297146198818,-0.01 (span 0.290)
3535.353535353536,3778.0725650932145,-0.01 (span 0.290)
3606.0606060606065,3862.9909779449463,-0.01 (span 0.290)
3676.767676767677,3949.6280910720907,-0.01 (span 0.290)
3747.474747474748,4028.539458686435,-0.01 (span 0.290)
3818.1818181818185,4081.5374966191507,-0.01 (span 0.290)
3888.888888888889,4152.127021644655,-0.01 (span 0.290)
3959.59595959596,4212.744509452523,-0.01 (span 0.290)
4030.3030303030305,4264.541563365268,-0.01 (span 0.290)
4101.010101010102,4323.284729615047,-0.01 (span 0.290)
4171.717171717172,4374.1183496403855,-0.01 (span 0.290)
4242.424242424243,4455.141643555864,-0.01 (span 0.290)
4313.131313131314,4589.78858535359,-0.01 (span 0.290)
4383.838383838384,4777.475566558666,-0.01 (span 0.290)
4454.545454545455,4927.662106323687,-0.01 (span 0.290)
4525.252525252526,5052.061376344003,-0.01 (span 0.290)
4595.959595959596,5146.519670923238,-0.01 (span 0.290)
4666.666666666667,5234.9628163527605,-0.01 (span 0.290)
4737.373737373738,5302.873444994806,-0.01 (span 0.290)
4808.080808080808,5339.531457733763,-0.01 (span 0.290)
4878.787878787879,5363.601043660557,-0.01 (span 0.290)
4949.49494949495,5396.9351347161555,-0.01 (span 0.290)
5020.20202020202,5404.860882859341,-0.01 (span 0.290)
5090.909090909091,5406.202630471949,-0.01 (span 0.290)
5161.616161616162,5404.953988230183,-0.01 (span 0.290)
5232.323232323232,5409.417440943774,-0.01 (span 0.290)
5303.030303030304,5400.095138425793,-0.01 (span 0.290)
5373.737373737375,5384.319028850155,-0.01 (span 0.290)
5444.444444444445,5364.768761162443,-0.01 (span 0.290)
5515.151515151516,5341.095729434973,-0.01 (span 0.290)
5585.858585858587,5312.775871633565,-0.01 (span 0.290)
5656.565656565657,5279.517333372078,-0.01 (span 0.290)
5727.272727272728,5241.277777257366,-0.01 (span 0.290)
5797.979797979799,5198.159735805973,-0.01 (span 0.290)
5868.686868686869,5144.281431768538,-0.01 (span 0.290)
5939.39393939394,5094.066672920709,-0.01 (span 0.290)
6010.101010101011,5047.665989768341,-0.01 (span 0.290)
6080.808080808081,5008.486521423596,-0.01 (span 0.290)
6151.515151515152,4975.907134379026,-0.01 (span 0.290)
6222.222222222223,4947.783621883861,-0.01 (span 0.290)
6292.929292929293,4922.227232230621,-0.01 (span 0.290)
6363.636363636364,4898.019260724813,-0.01 (span 0.290)
6434.343434343435,4874.472109064416,-0.01 (span 0.290)
6505.050505050505,4851.198185814083,-0.01 (span 0.290)
6575.757575757576,4827.97934459296,-0.01 (span 0.290)
6646.464646464647,4804.705769517437,-0.01 (span 0.290)
6717.171717171717,4781.326191871056,-0.01 (span 0.290)
6787.878787878788,4757.820521002973,-0.01 (span 0.290)
6858.58585858586,4734.185311824809,-0.01 (span 0.290)
6929.29292929293,4710.434579271941,-0.01 (span 0.290)
7000,4686.618258456127,-0.01 (span 0.290)
0,NA,Selected (0.300)
70.70707070707071,NA,Selected (0.300)
141.41414141414143,NA,Selected (0.300)
212.12121212121212,334.10378251126247,Selected (0.300)
282.82828282828285,417.0855686083774,Selected (0.300)
353.5353535353536,499.51489904337166,Selected (0.300)
424.24242424242425,581.1358052429889,Selected (0.300)
494.949494949495,661.7529600242266,Selected (0.300)
565.6565656565657,741.3295116839902,Selected (0.300)
636.3636363636364,819.9287654999692,Selected (0.300)
707.0707070707072,897.7543368741815,Selected (0.300)
777.7777777777778,974.766390456572,Selected (0.300)
848.4848484848485,1049.8270563081237,Selected (0.300)
919.1919191919193,1120.436657147294,Selected (0.300)
989.89898989899,1187.748459780981,Selected (0.300)
1060.6060606060607,1254.492397203681,Selected (0.300)
1131.3131313131314,1314.323518446488,Selected (0.300)
1202.020202020202,1377.1051659715,Selected (0.300)
1272.7272727272727,1464.325111485814,Selected (0.300)
1343.4343434343436,1541.261377988311,Selected (0.300)
1414.1414141414143,1642.4030764803501,Selected (0.300)
1484.848484848485,1750.5258648084528,Selected (0.300)
1555.5555555555557,1820.1219685065894,Selected (0.300)
1626.2626262626263,1739.2843449483626,Selected (0.300)
1696.969696969697,1660.9702378537725,Selected (0.300)
1767.676767676768,1759.8196913764962,Selected (0.300)
1838.3838383838386,1860.468453632394,Selected (0.300)
1909.0909090909092,1887.9302061934095,Selected (0.300)
1979.79797979798,1916.6138769833958,Selected (0.300)
2050.505050505051,2022.0097147704828,Selected (0.300)
2121.2121212121215,2127.786575499965,Selected (0.300)
2191.919191919192,2206.9766938451316,Selected (0.300)
2262.626262626263,2305.1584647872564,Selected (0.300)
2333.3333333333335,2402.699923681461,Selected (0.300)
2404.040404040404,2491.57301223038,Selected (0.300)
2474.747474747475,2581.1552239006455,Selected (0.300)
2545.4545454545455,2677.385427232661,Selected (0.300)
2616.161616161616,2766.7952030813867,Selected (0.300)
2686.8686868686873,2844.8434976977005,Selected (0.300)
2757.575757575758,2921.4945176567003,Selected (0.300)
2828.2828282828286,2989.354251562748,Selected (0.300)
2898.9898989898993,3053.914592248336,Selected (0.300)
2969.69696969697,3118.94053984479,Selected (0.300)
3040.4040404040406,3187.6028695969244,Selected (0.300)
3111.1111111111113,3259.1978433470204,Selected (0.300)
3181.818181818182,3342.5776538554155,Selected (0.300)
3252.5252525252527,3429.106458953668,Selected (0.300)
3323.2323232323233,3521.101376307338,Selected (0.300)
3393.939393939394,3606.3953930340463,Selected (0.300)
3464.646464646465,3694.5774494219686,Selected (0.300)
3535.353535353536,3778.606039791394,Selected (0.300)
3606.0606060606065,3862.7393636930738,Selected (0.300)
3676.767676767677,3944.6724765554077,Selected (0.300)
3747.474747474748,4002.38017456732,Selected (0.300)
3818.1818181818185,4070.0177157362127,Selected (0.300)
3888.888888888889,4138.260988338639,Selected (0.300)
3959.59595959596,4197.638076533793,Selected (0.300)
4030.3030303030305,4262.218048021408,Selected (0.300)
4101.010101010102,4327.725438944436,Selected (0.300)
4171.717171717172,4395.502704987717,Selected (0.300)
4242.424242424243,4492.684362445192,Selected (0.300)
4313.131313131314,4614.888304310821,Selected (0.300)
4383.838383838384,4791.51169447798,Selected (0.300)
4454.545454545455,4930.352915494612,Selected (0.300)
4525.252525252526,5049.9449871371835,Selected (0.300)
4595.959595959596,5140.966585669708,Selected (0.300)
4666.666666666667,5228.481679559043,Selected (0.300)
4737.373737373738,5296.23437329366,Selected (0.300)
4808.080808080808,5335.611676476479,Selected (0.300)
4878.787878787879,5357.745041816445,Selected (0.300)
4949.49494949495,5394.765709417055,Selected (0.300)
5020.20202020202,5404.247203752401,Selected (0.300)
5090.909090909091,5405.697882299586,Selected (0.300)
5161.616161616162,5404.568276514265,Selected (0.300)
5232.323232323232,5400.901657831105,Selected (0.300)
5303.030303030304,5392.776265613806,Selected (0.300)
5373.737373737375,5380.434483259293,Selected (0.300)
5444.444444444445,5363.834941399449,Selected (0.300)
5515.151515151516,5342.5144017007005,Selected (0.300)
5585.858585858587,5316.051643452094,Selected (0.300)
5656.565656565657,5284.259313697985,Selected (0.300)
5727.272727272728,5247.150294035924,Selected (0.300)
5797.979797979799,5204.437694617896,Selected (0.300)
5868.686868686869,5153.494390737574,Selected (0.300)
5939.39393939394,5105.886720495843,Selected (0.300)
6010.101010101011,5063.267861428474,Selected (0.300)
6080.808080808081,5027.259552581553,Selected (0.300)
6151.515151515152,4996.557484331758,Selected (0.300)
6222.222222222223,4969.1790481457065,Selected (0.300)
6292.929292929293,4943.5676053540465,Selected (0.300)
6363.636363636364,4918.746641271316,Selected (0.300)
6434.343434343435,4894.165611766857,Selected (0.300)
6505.050505050505,4869.510857322536,Selected (0.300)
6575.757575757576,4844.605080670958,Selected (0.300)
6646.464646464647,4819.361588299788,Selected (0.300)
6717.171717171717,4793.744014151294,Selected (0.300)
6787.878787878788,4767.743525179825,Selected (0.300)
6858.58585858586,4741.366359570277,Selected (0.300)
6929.29292929293,4714.635057405586,Selected (0.300)
7000,4687.606206131345,Selected (0.300)
0,NA,+0.01 (span 0.310)
70.70707070707071,NA,+0.01 (span 0.310)
141.41414141414143,NA,+0.01 (span 0.310)
212.12121212121212,334.27759021041663,+0.01 (span 0.310)
282.82828282828285,417.2887837724492,+0.01 (span 0.310)
353.5353535353536,499.664161739659,+0.01 (span 0.310)
424.24242424242425,581.17029690449,+0.01 (span 0.310)
494.949494949495,661.6318410873762,+0.01 (span 0.310)
565.6565656565657,741.0227816756894,+0.01 (span 0.310)
636.3636363636364,819.4108134381787,+0.01 (span 0.310)
707.0707070707072,896.9990131953557,+0.01 (span 0.310)
777.7777777777778,973.8042839203753,+0.01 (span 0.310)
848.4848484848485,1048.8364756138735,+0.01 (span 0.310)
919.1919191919193,1120.0253690565883,+0.01 (span 0.310)
989.89898989899,1187.5085725304255,+0.01 (span 0.310)
1060.6060606060607,1253.7136694612914,+0.01 (span 0.310)
1131.3131313131314,1314.761518092757,+0.01 (span 0.310)
1202.020202020202,1376.8206325127312,+0.01 (span 0.310)
1272.7272727272727,1464.7838534124553,+0.01 (span 0.310)
1343.4343434343436,1543.108489591375,+0.01 (span 0.310)
1414.1414141414143,1643.7738758106236,+0.01 (span 0.310)
1484.848484848485,1750.4235683595018,+0.01 (span 0.310)
1555.5555555555557,1818.2875640516795,+0.01 (span 0.310)
1626.2626262626263,1739.1039426537232,+0.01 (span 0.310)
1696.969696969697,1668.2489631723915,+0.01 (span 0.310)
1767.676767676768,1760.3603216899141,+0.01 (span 0.310)
1838.3838383838386,1856.0214251273833,+0.01 (span 0.310)
1909.0909090909092,1868.9610034994237,+0.01 (span 0.310)
1979.79797979798,1918.1778021011655,+0.01 (span 0.310)
2050.505050505051,2023.6661717096704,+0.01 (span 0.310)
2121.2121212121215,2127.54903590018,+0.01 (span 0.310)
2191.919191919192,2207.5221543720572,+0.01 (span 0.310)
2262.626262626263,2306.5260201397355,+0.01 (span 0.310)
2333.3333333333335,2401.504964336068,+0.01 (span 0.310)
2404.040404040404,2489.1299969886695,+0.01 (span 0.310)
2474.747474747475,2580.3168715559364,+0.01 (span 0.310)
2545.4545454545455,2676.7372481164552,+0.01 (span 0.310)
2616.161616161616,2764.755021443861,+0.01 (span 0.310)
2686.8686868686873,2843.4417782704177,+0.01 (span 0.310)
2757.575757575758,2919.6833465819063,+0.01 (span 0.310)
2828.2828282828286,2988.6958140244938,+0.01 (span 0.310)
2898.9898989898993,3053.15784111105,+0.01 (span 0.310)
2969.69696969697,3119.273359950403,+0.01 (span 0.310)
3040.4040404040406,3188.0192978946798,+0.01 (span 0.310)
3111.1111111111113,3264.3381439212058,+0.01 (span 0.310)
3181.818181818182,3343.1955039634267,+0.01 (span 0.310)
3252.5252525252527,3434.6767197018867,+0.01 (span 0.310)
3323.2323232323233,3522.154729093094,+0.01 (span 0.310)
3393.939393939394,3608.72551047762,+0.01 (span 0.310)
3464.646464646465,3694.567436601331,+0.01 (span 0.310)
3535.353535353536,3779.2902597867896,+0.01 (span 0.310)
3606.0606060606065,3861.449623239155,+0.01 (span 0.310)
3676.767676767677,3925.476114524301,+0.01 (span 0.310)
3747.474747474748,3992.481002747362,+0.01 (span 0.310)
3818.1818181818185,4051.9681112499366,+0.01 (span 0.310)
3888.888888888889,4122.07866728856,+0.01 (span 0.310)
3959.59595959596,4190.621569048926,+0.01 (span 0.310)
4030.3030303030305,4259.90314276937,+0.01 (span 0.310)
4101.010101010102,4334.169195598532,+0.01 (span 0.310)
4171.717171717172,4428.344524383023,+0.01 (span 0.310)
4242.424242424243,4536.958924100993,+0.01 (span 0.310)
4313.131313131314,4693.492168040475,+0.01 (span 0.310)
4383.838383838384,4812.938828722595,+0.01 (span 0.310)
4454.545454545455,4935.433369656402,+0.01 (span 0.310)
4525.252525252526,5043.152361419171,+0.01 (span 0.310)
4595.959595959596,5132.5577882098005,+0.01 (span 0.310)
4666.666666666667,5210.886195696787,+0.01 (span 0.310)
4737.373737373738,5261.699740729352,+0.01 (span 0.310)
4808.080808080808,5302.588250005884,+0.01 (span 0.310)
4878.787878787879,5337.42086757739,+0.01 (span 0.310)
4949.49494949495,5374.149133324165,+0.01 (span 0.310)
5020.20202020202,5383.391478824899,+0.01 (span 0.310)
5090.909090909091,5388.6525470024935,+0.01 (span 0.310)
5161.616161616162,5392.327161736595,+0.01 (span 0.310)
5232.323232323232,5392.996774960497,+0.01 (span 0.310)
5303.030303030304,5387.201365136863,+0.01 (span 0.310)
5373.737373737375,5377.0576817602,+0.01 (span 0.310)
5444.444444444445,5362.3027664940355,+0.01 (span 0.310)
5515.151515151516,5342.473152151742,+0.01 (span 0.310)
5585.858585858587,5317.22494944711,+0.01 (span 0.310)
5656.565656565657,5286.42862516838,+0.01 (span 0.310)
5727.272727272728,5250.12241930567,+0.01 (span 0.310)
5797.979797979799,5204.992801497587,+0.01 (span 0.310)
5868.686868686869,5158.693110127088,+0.01 (span 0.310)
5939.39393939394,5113.448417508869,+0.01 (span 0.310)
6010.101010101011,5073.500829376037,+0.01 (span 0.310)
6080.808080808081,5039.496829876442,+0.01 (span 0.310)
6151.515151515152,5009.9210653454675,+0.01 (span 0.310)
6222.222222222223,4982.965568228779,+0.01 (span 0.310)
6292.929292929293,4957.283918844311,+0.01 (span 0.310)
6363.636363636364,4932.041852563019,+0.01 (span 0.310)
6434.343434343435,4906.768590848912,+0.01 (span 0.310)
6505.050505050505,4881.1940079267815,+0.01 (span 0.310)
6575.757575757576,4855.165172143817,+0.01 (span 0.310)
6646.464646464647,4828.609226385725,+0.01 (span 0.310)
6717.171717171717,4801.498646090285,+0.01 (span 0.310)
6787.878787878788,4773.831186112576,+0.01 (span 0.310)
6858.58585858586,4745.618701614184,+0.01 (span 0.310)
6929.29292929293,4716.888640953056,+0.01 (span 0.310)
7000,4687.701311990266,+0.01 (span 0.310)
0,NA,+0.05 (span 0.350)
70.70707070707071,NA,+0.05 (span 0.350)
141.41414141414143,NA,+0.05 (span 0.350)
212.12121212121212,335.64587440984883,+0.05 (span 0.350)
282.82828282828285,418.3509165959039,+0.05 (span 0.350)
353.5353535353536,500.28577292809695,+0.05 (span 0.350)
424.24242424242425,581.2708262023839,+0.05 (span 0.350)
494.949494949495,661.1786921620022,+0.05 (span 0.350)
565.6565656565657,740.0104248132297,+0.05 (span 0.350)
636.3636363636364,817.8454545938976,+0.05 (span 0.350)
707.0707070707072,894.8818232882325,+0.05 (span 0.350)
777.7777777777778,971.2182961599956,+0.05 (span 0.350)
848.4848484848485,1046.3929229506625,+0.05 (span 0.350)
919.1919191919193,1118.230649434935,+0.05 (span 0.350)
989.89898989899,1185.878541832144,+0.05 (span 0.350)
1060.6060606060607,1251.9733917269564,+0.05 (span 0.350)
1131.3131313131314,1317.0539643971476,+0.05 (span 0.350)
1202.020202020202,1377.9295506741378,+0.05 (span 0.350)
1272.7272727272727,1468.5529353089728,+0.05 (span 0.350)
1343.4343434343436,1558.8148586855837,+0.05 (span 0.350)
1414.1414141414143,1654.295493629353,+0.05 (span 0.350)
1484.848484848485,1752.636704491162,+0.05 (span 0.350)
1555.5555555555557,1794.520458679925,+0.05 (span 0.350)
1626.2626262626263,1737.6986489941637,+0.05 (span 0.350)
1696.969696969697,1723.791496477808,+0.05 (span 0.350)
1767.676767676768,1770.4486018243056,+0.05 (span 0.350)
1838.3838383838386,1835.015343594481,+0.05 (span 0.350)
1909.0909090909092,1849.741091309034,+0.05 (span 0.350)
1979.79797979798,1920.2518181762907,+0.05 (span 0.350)
2050.505050505051,2029.2371780618541,+0.05 (span 0.350)
2121.2121212121215,2119.6648858261715,+0.05 (span 0.350)
2191.919191919192,2206.4378105659407,+0.05 (span 0.350)
2262.626262626263,2306.005109294267,+0.05 (span 0.350)
2333.3333333333335,2396.3937015074075,+0.05 (span 0.350)
2404.040404040404,2484.9742277694504,+0.05 (span 0.350)
2474.747474747475,2577.3706117483584,+0.05 (span 0.350)
2545.4545454545455,2674.262381252785,+0.05 (span 0.350)
2616.161616161616,2758.468640404618,+0.05 (span 0.350)
2686.8686868686873,2839.426886030715,+0.05 (span 0.350)
2757.575757575758,2914.6433602070633,+0.05 (span 0.350)
2828.2828282828286,2983.916787284632,+0.05 (span 0.350)
2898.9898989898993,3049.8205826505236,+0.05 (span 0.350)
2969.69696969697,3118.5899459500242,+0.05 (span 0.350)
3040.4040404040406,3190.872655856023,+0.05 (span 0.350)
3111.1111111111113,3270.306762167351,+0.05 (span 0.350)
3181.818181818182,3356.6451606284904,+0.05 (span 0.350)
3252.5252525252527,3447.1729428646595,+0.05 (span 0.350)
3323.2323232323233,3530.156910046783,+0.05 (span 0.350)
3393.939393939394,3611.540196086875,+0.05 (span 0.350)
3464.646464646465,3684.535009895065,+0.05 (span 0.350)
3535.353535353536,3757.4157633894565,+0.05 (span 0.350)
3606.0606060606065,3826.623246408272,+0.05 (span 0.350)
3676.767676767677,3899.2229781630585,+0.05 (span 0.350)
3747.474747474748,3965.0291115640534,+0.05 (span 0.350)
3818.1818181818185,4035.992982457498,+0.05 (span 0.350)
3888.888888888889,4118.156766909,+0.05 (span 0.350)
3959.59595959596,4224.282191701323,+0.05 (span 0.350)
4030.3030303030305,4328.915288488248,+0.05 (span 0.350)
4101.010101010102,4445.166884369744,+0.05 (span 0.350)
4171.717171717172,4556.133098021442,+0.05 (span 0.350)
4242.424242424243,4656.983852243497,+0.05 (span 0.350)
4313.131313131314,4755.425451719773,+0.05 (span 0.350)
4383.838383838384,4850.227445845325,+0.05 (span 0.350)
4454.545454545455,4938.60328498466,+0.05 (span 0.350)
4525.252525252526,5014.88767403487,+0.05 (span 0.350)
4595.959595959596,5080.602384208302,+0.05 (span 0.350)
4666.666666666667,5133.158849743659,+0.05 (span 0.350)
4737.373737373738,5183.118884846921,+0.05 (span 0.350)
4808.080808080808,5215.764989962329,+0.05 (span 0.350)
4878.787878787879,5243.473225148718,+0.05 (span 0.350)
4949.49494949495,5272.340761061809,+0.05 (span 0.350)
5020.20202020202,5308.578438353329,+0.05 (span 0.350)
5090.909090909091,5338.902123529619,+0.05 (span 0.350)
5161.616161616162,5349.759645400977,+0.05 (span 0.350)
5232.323232323232,5356.270785984989,+0.05 (span 0.350)
5303.030303030304,5357.994187673702,+0.05 (span 0.350)
5373.737373737375,5354.454761225414,+0.05 (span 0.350)
5444.444444444445,5345.301514188169,+0.05 (span 0.350)
5515.151515151516,5330.3067729389395,+0.05 (span 0.350)
5585.858585858587,5309.35439808924,+0.05 (span 0.350)
5656.565656565657,5282.552077015887,+0.05 (span 0.350)
5727.272727272728,5251.324440399831,+0.05 (span 0.350)
5797.979797979799,5215.397606118092,+0.05 (span 0.350)
5868.686868686869,5180.817470727929,+0.05 (span 0.350)
5939.39393939394,5149.453386118432,+0.05 (span 0.350)
6010.101010101011,5121.1192125532925,+0.05 (span 0.350)
6080.808080808081,5094.738969342376,+0.05 (span 0.350)
6151.515151515152,5069.156228227588,+0.05 (span 0.350)
6222.222222222223,5043.479774927849,+0.05 (span 0.350)
6292.929292929293,5017.119755725715,+0.05 (span 0.350)
6363.636363636364,4989.719308514607,+0.05 (span 0.350)
6434.343434343435,4961.076940872527,+0.05 (span 0.350)
6505.050505050505,4931.074841978796,+0.05 (span 0.350)
6575.757575757576,4899.648441898286,+0.05 (span 0.350)
6646.464646464647,4866.775845559517,+0.05 (span 0.350)
6717.171717171717,4832.461758191371,+0.05 (span 0.350)
6787.878787878788,4796.727263528314,+0.05 (span 0.350)
6858.58585858586,4759.603575942067,+0.05 (span 0.350)
6929.29292929293,4721.134497559397,+0.05 (span 0.350)
7000,4681.391318053386,+0.05 (span 0.350)
