education,age,n,weights_total,avg_labor_income,avg_add_labor_income,avg_no_labor_income,avg_remittances,year,sample
At most primary school,15,188,77080,746.740295796575,80.77204203425013,36.25186710776682,21.769590036325894,2024,general
At most primary school,16,207,85576,1123.3312708391761,97.23300925493129,28.853135419588046,6.264217381820448,2024,general
At most primary school,17,176,68962,1352.3368425123015,102.3984223195383,53.35833502508628,85.08513867540577,2024,general
At most primary school,18,170,67156,1355.3891436853494,99.06525105723986,33.4064714991959,9.718664998908014,2024,general
At most primary school,19,149,56905,1516.7155903113378,164.03110447236622,41.94677532729989,12.43124505755206,2024,general
At most primary school,20,170,63956,1760.7980799299519,205.6029145037213,72.24092214439094,25.157660474909832,2024,general
At most primary school,21,160,69924,1709.0706803100509,199.63943710314055,60.44508323322464,73.99438437923078,2024,general
At most primary school,22,183,70294,1942.3777064898854,159.67588983412526,60.250213389478475,54.15730123955577,2024,general
At most primary school,23,176,72656,1905.2896044373485,137.65277471922485,76.65525444101887,56.59454598840197,2024,general
At most primary school,24,189,81847,2144.5566035814795,106.1102422813298,63.3815126598002,167.22258197205355,2024,general
At most primary school,25,182,74590,2145.9402455646423,117.65055637484917,100.77615408678554,131.95782276444564,2024,general
At most primary school,26,175,71090,1888.8457530360577,93.01132367421579,45.69713860364796,128.56191681905565,2024,general
At most primary school,27,193,75783,1884.204561049312,104.72803927002099,44.4829205318695,87.02980879616801,2024,general
At most primary school,28,169,66584,1698.9157905803197,124.10290760543073,66.45596414554048,43.308842965276945,2024,general
At most primary school,29,180,68424,2037.5005042090495,146.58090728399392,102.23961987022098,43.66292041778713,2024,general
At most primary school,30,232,90241,1963.9924101387767,141.39182854799924,50.340731116307076,219.51905083794136,2024,general
At most primary school,31,178,69316,1966.4824018504626,87.9585521380345,94.25197886009964,159.4766480081559,2024,general
At most primary school,32,210,78232,2320.5779902512186,107.63787197054914,87.1432246395337,206.19056140709685,2024,general
At most primary school,33,231,93538,1935.4708906184294,63.69748123757189,91.11044441831127,121.17374756783339,2024,general
At most primary school,34,243,92838,2149.4725471610045,66.78127490898123,120.87509514782022,47.1425134822666,2024,general
At most primary school,35,194,73690,2323.4286312027866,123.30255122811779,89.81770479938481,46.411996200298546,2024,general
At most primary school,36,204,74505,2353.6528532760667,119.50141601234816,111.11571930295506,87.35306355278169,2024,general
At most primary school,37,192,72635,1999.662130286134,111.5190335237833,107.15287166425736,56.70980473141965,2024,general
At most primary school,38,224,86770,2162.651442510852,59.03808920133687,145.4650993046752,81.02247320502478,2024,general
At most primary school,39,233,82308,2167.2086552947467,77.44860766875638,130.65289319790705,99.28892290745331,2024,general
At most primary school,40,289,105272,1966.0217713795373,52.74393950908124,81.78477341236669,116.90438419839401,2024,general
At most primary school,41,196,72894,2222.0567170594745,61.97979257552062,57.58804451212263,105.4215710483716,2024,general
At most primary school,42,243,93049,2078.3253303814836,127.61640640952616,145.70303907976802,72.5225418865329,2024,general
At most primary school,43,219,80571,2298.370078357391,48.314889972819,138.17797346439787,162.873589753137,2024,general
At most primary school,44,207,70463,2300.575604690878,105.95745284759377,89.78896252879763,133.99585598115323,2024,general
At most primary school,45,238,80984,2216.5073862326713,57.22006816161217,129.66769670552208,89.66771214066976,2024,general
At most primary school,46,242,83151,2488.0425671368957,39.0397469663624,154.52705519677053,248.9786973898891,2024,general
At most primary school,47,198,67076,2262.774349245632,56.47414872681734,95.51014272367662,47.76562406822112,2024,general
At most primary school,48,217,77003,2214.278203446619,61.99418204485539,124.26216619265917,125.77653684488482,2024,general
At most primary school,49,194,70089,2388.1742094574993,35.49818088430424,179.59902172000363,112.7903094636819,2024,general
At most primary school,50,237,79517,2534.0014881513807,35.45272080184112,121.64608930585075,157.66054219013964,2024,general
At most primary school,51,169,61519,2446.0656490948595,51.62177538646597,116.27676002535802,59.97794719246629,2024,general
At most primary school,52,219,83029,2010.098416416754,42.21777933011357,126.27312043583164,123.26677024493449,2024,general
At most primary school,53,187,63554,2209.2058197228603,49.42793529911571,202.415733077383,59.41493323263157,2024,general
At most primary school,54,178,59294,2232.7870526528823,36.348298310115695,161.90631991994695,277.41705175340957,2024,general
At most primary school,55,165,62866,2291.5077704959754,41.32058664460917,154.89040976044285,127.0533833868864,2024,general
At most primary school,56,184,64445,2152.769653709882,35.64264101171542,136.63130059223627,49.086818217084335,2024,general
At most primary school,57,157,53042,2256.2067983861843,30.602993853927078,133.85862461194273,136.66905471136081,2024,general
At most primary school,58,157,56255,1929.843939797944,75.26122122478002,151.3968328741149,51.135010221313664,2024,general
At most primary school,59,133,52884,2090.2365176612966,19.620679222449134,281.2277658018808,187.09706779618284,2024,general
Secondary school or above,15,176,59730,790.7807146046097,58.01402980077013,31.71048189073051,9.047379876109158,2024,general
Secondary school or above,16,240,81635,937.2597292827832,97.56685245299198,55.35878197668484,33.8562707988812,2024,general
Secondary school or above,17,253,82164,1128.8640645538192,97.23212112360645,152.69552865813088,17.182018077665806,2024,general
Secondary school or above,18,318,104298,1638.6691818954662,129.92145582849145,86.6629345720915,20.615464022959852,2024,general
Secondary school or above,19,346,113046,2422.4207999398477,149.37466164216337,128.3286965777943,26.41718120647052,2024,general
Secondary school or above,20,385,120765,2531.7258145986007,142.8255123587132,155.5026552947184,57.818076429429055,2024,general
Secondary school or above,21,362,113377,3016.2554332007376,133.0885452957831,120.30988795493501,125.5604752286619,2024,general
Secondary school or above,22,417,128537,2928.83057148266,210.28105526035304,171.01168275801263,61.169294963058626,2024,general
Secondary school or above,23,411,125649,3376.4636944981658,101.73273165723563,85.2558980440221,137.32270053880254,2024,general
Secondary school or above,24,477,156357,3178.2398453539017,108.6170750270215,120.06621598862432,95.50674418158445,2024,general
Secondary school or above,25,432,138672,3459.761363745625,129.57674945194415,133.10570086246682,92.52166983962155,2024,general
Secondary school or above,26,378,115001,3802.2067822598647,121.5438300536517,154.84631293061219,90.94657437761411,2024,general
Secondary school or above,27,390,125235,3632.026775661756,119.78096378807841,129.84286874010195,143.19183934203696,2024,general
Secondary school or above,28,373,121014,3879.8303385007794,146.4146545027848,195.0857648701803,135.33848700701296,2024,general
Secondary school or above,29,361,106463,3933.1047171317737,154.88756657242422,192.68865083017886,290.7739527660627,2024,general
Secondary school or above,30,419,130172,3940.976853061078,161.93609992932429,355.98034267482,191.42077149207717,2024,general
Secondary school or above,31,313,97988,4359.214728674259,147.92814426256277,148.883451715176,129.007238981644,2024,general
Secondary school or above,32,374,112910,4232.252177250317,113.19461518023205,234.28867977445162,186.24923980751632,2024,general
Secondary school or above,33,324,98431,4573.96071020986,82.93742824923042,261.19024071007436,88.71410429641068,2024,general
Secondary school or above,34,325,101065,4203.800016491037,77.77816256864394,188.3810089216511,166.22338758884547,2024,general
Secondary school or above,35,333,101966,5125.558110056293,178.68029539258185,290.3269513040295,134.43680573262984,2024,general
Secondary school or above,36,337,100878,4969.588966375226,104.34777652213565,157.70175360336248,80.90317016594302,2024,general
Secondary school or above,37,283,88606,5380.494929801594,100.34952486287611,271.3020008050621,196.6389033097834,2024,general
Secondary school or above,38,261,80705,4992.306580550565,55.30388451768788,195.9744852652665,293.2300766164839,2024,general
Secondary school or above,39,230,70129,5809.5441662270005,74.54212950419941,207.51021332116528,90.21731380741205,2024,general
Secondary school or above,40,298,85222,5401.780010834448,78.14654666635376,221.1619456634828,154.33891874555084,2024,general
Secondary school or above,41,232,66063,5155.172421274642,155.76648048075322,235.59102674719585,91.60485697995348,2024,general
Secondary school or above,42,215,64987,6106.763370622843,152.99444504285472,363.4842353086002,80.48337872702746,2024,general
Secondary school or above,43,226,66203,5080.411816685045,100.36104104043623,319.2625963576676,133.71579334269845,2024,general
Secondary school or above,44,196,56218,5405.962194789332,43.31130598740617,340.7277028709666,107.14243362149726,2024,general
Secondary school or above,45,205,60032,5179.196453558102,83.93438499466951,182.36038001954515,71.81500421997157,2024,general
Secondary school or above,46,160,50258,5767.25366276679,128.80854789287278,352.8736718532373,289.44781593643467,2024,general
Secondary school or above,47,158,42867,5503.887030427446,87.80040590664147,416.41822380852403,55.57110753415603,2024,general
Secondary school or above,48,155,43436,6110.007173389201,96.99580992724928,247.26962273996992,31.364367498541917,2024,general
Secondary school or above,49,143,41224,5751.9607449543955,44.477682903163206,292.5104045378097,57.77168639627401,2024,general
Secondary school or above,50,136,40144,5619.7643275873515,80.49696094061379,389.29898199814005,53.00405207918162,2024,general
Secondary school or above,51,112,30496,6084.96932384575,103.45160020986359,229.81914294770897,246.07872070654076,2024,general
Secondary school or above,52,129,30521,4802.626645042212,63.898692703384555,270.651764358966,234.7340082784531,2024,general
Secondary school or above,53,99,23682,5493.047532584523,105.63837513723503,456.7493525321622,52.707428989668664,2024,general
Secondary school or above,54,98,25379,5451.510691253924,49.84593561606052,491.6289123553594,68.66897828913669,2024,general
Secondary school or above,55,96,24424,5706.756158559886,39.58606288896168,187.95610874549624,254.72966481056883,2024,general
Secondary school or above,56,92,25881,6216.4767074945585,80.16436768285615,340.6620686990456,95.97205156936234,2024,general
Secondary school or above,57,70,19637,7396.21689073348,44.91001680501095,1072.615470794928,184.49919369896963,2024,general
Secondary school or above,58,84,19917,6144.553597429332,23.035848772405483,404.6066174624693,267.18080032133355,2024,general
Secondary school or above,59,68,17267,6500.684484855505,505.6639833207853,503.6766182120036,22.884500299222022,2024,general
At most primary school,15,127,53408,841.9180397443579,84.37657279808269,48.20343238216497,9.781306171360097,2024,males
At most primary school,16,139,55688,1348.3931936263948,131.23760953885935,39.616367080879186,9.626251017574102,2024,males
At most primary school,17,113,44336,1650.5298929387704,121.35465535907615,76.30166982437147,129.73147479850834,2024,males
At most primary school,18,105,40516,1710.5197535130153,113.0026409319775,46.112934807648,3.8256491262711028,2024,males
At most primary school,19,96,37387,1803.740444539546,203.59376253778052,56.273738197769276,4.2991770758106655,2024,males
At most primary school,20,99,37505,2083.365551259832,304.2367684308759,113.14033684397636,12.038394880682576,2024,males
At most primary school,21,95,38395,2255.405606198724,251.91165516343273,83.68770673264748,13.759170030819986,2024,males
At most primary school,22,101,39931,2529.1052023073134,202.30064361022764,50.53444692093862,54.76780780179143,2024,males
At most primary school,23,102,41823,2476.5352258326757,194.6077517155632,71.22034127951925,5.205269827606819,2024,males
At most primary school,24,108,47077,2713.7717639894922,141.48320836077065,67.84682541368396,101.38284087771099,2024,males
At most primary school,25,114,47671,2555.416654430017,138.11877241929056,115.36271178144644,37.776999293770494,2024,males
At most primary school,26,90,37213,2683.1166662187943,127.65229892779405,44.9392125511694,11.751269717571816,2024,males
At most primary school,27,112,43563,2535.4881436081077,119.6231894038519,53.79890426891322,5.249102831913934,2024,males
At most primary school,28,78,29758,2445.6796995765844,212.21547146985685,43.75161581199454,13.578085444810359,2024,males
At most primary school,29,108,43643,2564.996872350663,195.65818115161653,127.78514500225312,20.720963270169328,2024,males
At most primary school,30,121,48249,2510.615066288075,160.55959709009514,40.99967529551562,46.99859755297174,2024,males
At most primary school,31,90,33707,2452.1778809545,146.75423502536566,92.06989646067582,23.707241819206693,2024,males
At most primary school,32,116,40446,3087.8638967182583,167.81006774464717,100.27963210206201,113.66595790271802,2024,males
At most primary school,33,108,43619,2676.0224558105415,83.21041289346385,73.90214126871318,13.784130768701713,2024,males
At most primary school,34,145,56956,2693.4177552262563,48.586628274457475,133.05896218133296,10.769131727415314,2024,males
At most primary school,35,111,42695,2764.2317016044035,179.20330249443728,131.20618144201117,33.21231994378733,2024,males
At most primary school,36,101,39629,3016.98330767872,157.41308132932954,92.89358802896868,46.21825767325276,2024,males
At most primary school,37,103,40554,2671.170131183114,176.35387384721605,106.52828327661882,20.097072216468575,2024,males
At most primary school,38,114,46487,2696.820548397043,90.15014950416246,181.7286194706764,91.28652454808154,2024,males
At most primary school,39,118,44078,2712.9998865647262,104.44507464041018,110.78073717803288,23.08029704917041,2024,males
At most primary school,40,143,52955,2393.013451672804,71.24162024360307,104.05992509363296,96.77399049507444,2024,males
At most primary school,41,98,36724,3175.2281160367424,55.926914279490255,47.95905493228769,32.975710706894674,2024,males
At most primary school,42,120,47013,2600.566446160282,113.77193542211728,149.8108679159665,29.113578513744425,2024,males
At most primary school,43,99,38393,3211.5868148707664,53.227281014768316,178.0516196528881,85.83373705276136,2024,males
At most primary school,44,104,37610,3040.087268456971,152.8936718957724,89.3571434902065,126.80935921297527,2024,males
At most primary school,45,119,43638,3094.7991887804205,77.52325954443376,96.49647860427456,78.07568327298839,2024,males
At most primary school,46,126,43631,2971.341947239348,55.807292979762096,177.90439519302024,76.48753562069781,2024,males
At most primary school,47,114,41134,2659.283737297613,84.06646569747654,131.14214113223449,25.800886533443546,2024,males
At most primary school,48,124,47420,2736.036176718684,73.7463095740194,158.35921024884016,87.07345705047098,2024,males
At most primary school,49,104,39752,3052.2184586100493,34.84207083920306,238.81618115650366,82.85419601529483,2024,males
At most primary school,50,123,43354,3194.2163045316847,25.351985975919177,184.66817748458428,190.19544524918885,2024,males
At most primary school,51,92,35253,2987.48975500903,62.21598161858565,154.51675507521819,74.8721149027506,2024,males
At most primary school,52,123,45918,2500.498491876824,35.09778300448626,144.64530068092398,131.16497524572787,2024,males
At most primary school,53,100,34364,2978.8871105420403,86.07539867302991,268.14664086447056,86.42280681333179,2024,males
At most primary school,54,98,35228,2693.2262168350935,44.453843533552856,192.54144430566595,377.7847167026229,2024,males
At most primary school,55,86,33363,2505.267182207835,38.50553007823037,188.0394199162745,80.88315399294628,2024,males
At most primary school,56,98,37324,2960.4668845782876,51.26433394062801,180.20045189868895,51.14001714714393,2024,males
At most primary school,57,83,29689,2827.0699585705142,39.531274209303106,155.31647523774237,147.8735109524291,2024,males
At most primary school,58,79,29505,2549.5880076823137,126.52499576342993,182.98260181890078,17.612833982940742,2024,males
At most primary school,59,73,32052,2505.5631785847995,23.499001622363657,271.06349317775283,263.3993094554682,2024,males
Secondary school or above,15,105,33085,1038.9358848420734,91.98026295904488,38.521056873709135,0.7858546168958742,2024,males
Secondary school or above,16,132,44065,1071.2079957638339,85.78690570747759,50.2126687847498,37.942584817882675,2024,males
Secondary school or above,17,151,48796,1291.9188560537748,90.97303057627674,209.07600008197394,18.409637401972837,2024,males
Secondary school or above,18,174,58941,1896.805322271424,124.04782748850546,129.66038071970274,12.316836610621921,2024,males
Secondary school or above,19,197,66140,2758.656336306824,201.81165709101904,179.5921530087693,17.13799012196351,2024,males
Secondary school or above,20,205,63369,3193.9636849248054,187.48217582729725,189.85187289263416,16.003092994997555,2024,males
Secondary school or above,21,210,68595,3338.2667079719126,174.65551425030978,122.10207255144934,165.1087299851787,2024,males
Secondary school or above,22,227,67363,3445.3794392569607,221.0369936018289,215.97983314282322,67.71450697464978,2024,males
Secondary school or above,23,232,71975,3833.0448755354873,125.19904133379646,108.19164061595461,93.06564779437305,2024,males
Secondary school or above,24,243,80047,3769.1615852769833,137.35742751133708,140.5744177379123,52.029199511953394,2024,males
Secondary school or above,25,230,71881,4012.261021688624,188.94387946745314,179.1413238547043,65.57354052763132,2024,males
Secondary school or above,26,204,63819,4312.720091195412,184.39715445243579,130.38423771395145,90.10535002637668,2024,males
Secondary school or above,27,215,69150,4241.912141479875,143.36397686189443,73.27857315015666,89.84304651723308,2024,males
Secondary school or above,28,223,74359,4521.534885936246,206.68607700480104,222.50613577374628,142.2360888841073,2024,males
Secondary school or above,29,191,58369,4835.391703358518,142.01571039421611,164.3391497769935,109.01791476068918,2024,males
Secondary school or above,30,230,70117,4785.512533812532,221.80830611691886,309.61074584860546,117.56989983408684,2024,males
Secondary school or above,31,165,52843,5111.972490837638,152.81585072762712,169.7110623292899,74.52453494313343,2024,males
Secondary school or above,32,198,59457,5035.637298103391,151.96861597456984,295.9066580329762,73.10075628885862,2024,males
Secondary school or above,33,173,53361,5137.421787447762,125.54609171492288,273.7692009769932,68.93271615349538,2024,males
Secondary school or above,34,166,51792,5131.21703158789,125.8595922150139,152.03345433014107,154.7887061064772,2024,males
Secondary school or above,35,173,54938,6127.12334662104,225.463613527977,351.5446199958741,73.79682551239578,2024,males
Secondary school or above,36,175,55860,5702.016881489438,125.34246330110992,143.48191908342284,50.15986394557823,2024,males
Secondary school or above,37,147,46544,5703.6164543227915,150.03222756961156,317.7152443565945,102.90083934914634,2024,males
Secondary school or above,38,122,37869,5377.442798419112,59.311574110750215,137.98522538223878,373.9835573512196,2024,males
Secondary school or above,39,119,39514,6005.3752066778015,126.38824214202562,184.45725987413743,96.51979888984495,2024,males
Secondary school or above,40,158,46434,6457.582263714807,98.3826506439247,251.0958564844726,230.0329499935392,2024,males
Secondary school or above,41,123,35096,5583.788444552086,229.71555162981537,203.47062343286984,35.823645619633766,2024,males
Secondary school or above,42,102,30870,6075.373296620235,239.18237771298996,367.81827016520896,48.07061872367995,2024,males
Secondary school or above,43,120,37634,6105.773484969266,104.37476749747569,380.94769136064906,123.14263697720146,2024,males
Secondary school or above,44,109,31581,5860.835544578492,43.738323675627754,511.14372565783225,76.25365462356058,2024,males
Secondary school or above,45,112,34154,5733.420892623607,142.02579492885167,168.2045538833909,44.32804356737132,2024,males
Secondary school or above,46,86,27586,7034.84319642814,165.04495033712752,205.41095724884605,224.85808018560138,2024,males
Secondary school or above,47,88,24508,6286.119617403841,92.33189162722377,430.6117730264948,13.158968500081606,2024,males
Secondary school or above,48,88,25756,6839.251947766216,135.01436558471812,312.83920898690275,29.422270538903557,2024,males
Secondary school or above,49,81,23005,6134.430884590306,74.8093023255814,346.1537346953561,28.9792074186771,2024,males
Secondary school or above,50,78,22706,6294.87133356822,96.62952523562053,509.848057782084,21.961302445755894,2024,males
Secondary school or above,51,60,17421,5799.371744829038,142.07680385741347,215.13563610967606,269.62669575033965,2024,males
Secondary school or above,52,70,17224,4500.922907957888,110.65501625638643,157.30231072921504,5.718764514630747,2024,males
Secondary school or above,53,60,14927,6030.693843371073,144.70074361894552,564.7230856836604,12.653804068689848,2024,males
Secondary school or above,54,57,14562,5991.023428558348,65.50473836011537,641.7655541821179,15.922721237925195,2024,males
Secondary school or above,55,51,13090,5726.372192513369,48.29946524064171,128.375350140056,64.36394194041253,2024,males
Secondary school or above,56,53,14920,5914.075670241287,102.56434316353888,318.5332886505809,11.56166219839142,2024,males
Secondary school or above,57,43,12165,8511.463652555145,70.9042334566379,1134.2855185641868,201.4933552541444,2024,males
Secondary school or above,58,46,10306,6492.041593893525,17.484960217349116,162.9034866420855,485.64331457403455,2024,males
Secondary school or above,59,28,6800,5412.853186274509,190.58823529411765,923.6790441176471,0,2024,males
At most primary school,15,61,23672,532.0033513574406,72.63961642446773,9.287132477188239,48.81716796214938,2024,females
At most primary school,16,68,29888,703.9907878301213,33.874866167023555,8.798837883654532,0,2024,females
At most primary school,17,63,24626,815.4779501340047,68.2701210103143,12.051761011397168,4.705054278675655,2024,females
At most primary school,18,65,26640,815.2813438438438,77.86828078078078,14.081581581581581,18.68118118118118,2024,females
At most primary school,19,53,19518,966.9154968063668,88.2482836356184,14.503279024490213,28.00833418724596,2024,females
At most primary school,20,71,26451,1303.428112358701,65.74949907375903,14.249445515607475,43.75953020049651,2024,females
At most primary school,21,65,31529,1043.761616289765,135.98401471661012,32.14096546036982,147.34688699292715,2024,females
At most primary school,22,82,30363,1170.7604211265905,103.61920758818299,73.02761584823634,53.3544116194052,2024,females
At most primary school,23,74,30833,1130.4313154736808,60.396977264619075,84.02736786343637,126.30082487378242,2024,females
At most primary school,24,81,34770,1373.865142364107,58.21685360943342,57.33568210142844,256.3665995590068,2024,females
At most primary school,25,68,26919,1420.7962993920032,81.40328392585162,74.94474163230431,298.7431430092748,2024,females
At most primary school,26,85,33877,1016.3598926508645,54.959116804911886,46.52970058348339,256.8753628322067,2024,females
At most primary school,27,81,32220,1003.6376241464928,84.58907510862818,31.887259466170082,197.60128284709293,2024,females
At most primary school,28,91,36826,1095.4779910932493,52.90175419540542,84.80267564582995,67.33338764278861,2024,females
At most primary school,29,72,24781,1108.5015132561236,60.148581574593436,57.250178227943444,84.06709441373096,2024,females
At most primary school,30,111,41992,1335.920478900743,119.36797485235283,61.07364696450118,417.74584047755127,2024,females
At most primary school,31,88,35609,1506.7296001947075,32.30335027661546,96.31750868226197,287.994140058225,2024,females
At most primary school,32,94,37786,1499.277885107359,43.22976763880803,73.0820608161753,305.22856789992767,2024,females
At most primary school,33,123,49919,1288.380229304807,46.64716841282878,106.14698311264249,215.01031671307518,2024,females
At most primary school,34,98,35882,1286.0607175371124,95.66189175631236,101.53547275328391,104.87849060810434,2024,females
At most primary school,35,83,30995,1716.2311125450342,46.30037102758509,32.80589611227617,64.59428940151638,2024,females
At most primary school,36,103,34876,1599.9218469243415,76.42304163321482,131.82121420652217,134.09383721374778,2024,females
At most primary school,37,89,32081,1150.8003283355674,29.560487515975186,107.94242178651955,102.99242542314765,2024,females
At most primary school,38,110,40283,1546.2147514667065,23.13444877491746,103.61662074158662,69.17765144932933,2024,females
At most primary school,39,115,38230,1537.9283546952654,46.32252157991106,153.56487052053362,187.15509634667364,2024,females
At most primary school,40,146,52317,1533.8229750049377,34.02068161400692,59.23797873221578,137.2802658154456,2024,females
At most primary school,41,98,36170,1254.2860105059442,68.125380149295,67.36451709519861,178.97705280619297,2024,females
At most primary school,42,123,46036,1545.0009412923218,141.75469198018942,141.5080317577548,116.85275291800619,2024,females
At most primary school,43,120,42178,1467.104248660439,43.8433306463085,101.88253749980244,232.99998419397159,2024,females
At most primary school,44,103,32853,1453.9852271228401,52.22503272151706,90.2833074605059,142.22293245670107,2024,females
At most primary school,45,119,37346,1190.2422526285725,33.496224495260535,168.42755359788643,103.21274924579161,2024,females
At most primary school,46,116,39520,1954.4688006072874,20.527985829959515,128.71792763157896,439.41295546558706,2024,females
At most primary school,47,84,25942,1634.0634877804332,12.723382931154113,39.01154498496646,82.59322077454836,2024,females
At most primary school,48,93,29583,1377.9274921407566,43.15613697055741,69.60638993115415,187.81554721743345,2024,females
At most primary school,49,90,30337,1518.0457527112108,36.357912779773876,102.00398852885915,152.01700893298613,2024,females
At most primary school,50,114,36163,1742.5031846546653,47.56198324254072,46.09208076394842,118.65608494870447,2024,females
At most primary school,51,77,26266,1719.3914693266327,37.40272595751161,64.95282240666006,39.98769004289449,2024,females
At most primary school,52,96,37111,1403.3190069431346,51.027458166042415,103.54094473336747,113.49420207844933,2024,females
At most primary school,53,87,29190,1303.0966084275437,6.284618019869819,125.03385862738381,27.61984697955921,2024,females
At most primary school,54,80,24066,1558.7925842821132,24.483337488573092,117.06238399955679,130.49807473891244,2024,females
At most primary school,55,79,29503,2049.781327322645,44.50394875097448,117.40437695601578,179.2642556124236,2024,females
At most primary school,56,86,27121,1041.2143480451803,14.144021238154936,76.6713063677593,46.26119980826666,2024,females
At most primary school,57,74,23353,1530.4603691174582,19.252344452532864,106.57895488088612,122.42467063475071,2024,females
At most primary school,58,78,26750,1246.2720249221184,18.717757009345796,116.55802492211838,88.10965732087227,2024,females
At most primary school,59,60,20832,1451.2172139016898,13.653513824884792,296.86645945340507,69.69886072708654,2024,females
Secondary school or above,15,71,26645,482.6473384625008,15.83828110339651,23.25381560017514,19.30568586976919,2024,females
Secondary school or above,16,108,37570,780.1548487268211,111.38328453553368,61.394541300683166,29.063525862833824,2024,females
Secondary school or above,17,102,33368,890.4193988252217,106.38515943418844,70.24703058818828,15.386797730360424,2024,females
Secondary school or above,18,144,45357,1303.2236663212589,137.5541812730119,30.78815287607205,31.399453226624335,2024,females
Secondary school or above,19,149,46906,1948.3104862206683,75.43565855114484,56.04444705012863,39.501343111755425,2024,females
Secondary school or above,20,180,57396,1800.5711765628266,93.52158687016517,117.57883534276488,103.98459822984181,2024,females
Secondary school or above,21,152,44782,2523.0134298750986,69.41818141217453,117.5647023357599,64.98228454885147,2024,females
Secondary school or above,22,190,61174,2360.022231667048,198.43693399156504,121.49408517779885,53.961901025490135,2024,females
Secondary school or above,23,179,53674,2764.2039317608774,70.26521220702762,54.49985095204382,196.66989603905057,2024,females
Secondary school or above,24,234,76310,2558.379898877386,78.46927008255798,98.55370091294283,141.11344078976106,2024,females
Secondary school or above,25,202,66791,2865.1568824142973,65.68537677231963,83.5618009911515,121.52345874943231,2024,females
Secondary school or above,26,174,51182,3165.6460995402026,43.171818217342036,185.34815299649614,91.99549971995364,2024,females
Secondary school or above,27,175,56085,2880.0686220320345,90.70428813408219,199.58381623131558,208.96823274196905,2024,females
Secondary school or above,28,150,46655,2857.078040938806,50.35372414532205,151.38302432751044,124.34505054835137,2024,females
Secondary school or above,29,170,48094,2838.049427510015,170.5094190543519,227.09485590718177,511.3610984045134,2024,females
Secondary school or above,30,189,60055,2954.9422459967254,92.03252018982599,410.11899925068695,277.6450919990009,2024,females
Secondary school or above,31,148,45145,3478.0988038542473,142.20699966773728,124.50437479233581,192.7801823753092,2024,females
Secondary school or above,32,176,53453,3338.6284492919012,70.06540325145455,165.74958686447283,312.1068976484014,2024,females
Secondary school or above,33,151,45070,3906.8462983507134,32.49054803638784,246.2972764588418,112.13444271873381,2024,females
Secondary school or above,34,159,49273,3228.9703522551226,27.23864997057212,226.58677165993547,178.2426481034238,2024,females
Secondary school or above,35,160,47028,3955.531934875677,124.02813217657565,218.81261340761534,205.2762893028267,2024,females
Secondary school or above,36,162,45018,4060.7653105424497,78.29679239415346,175.3462503887334,119.05060198142965,2024,females
Secondary school or above,37,136,42062,5022.942549094194,45.372783034568016,219.9431018496505,300.36541296181827,2024,females
Secondary school or above,38,139,42836,4651.828397842936,51.76090204500887,247.2396660130109,221.8402745354375,2024,females
Secondary school or above,39,111,30615,5556.790034841309,7.625673689367957,237.26407262235287,82.08285698731558,2024,females
Secondary school or above,40,140,38788,4137.855038929566,53.92144477673507,185.32737788319412,63.72386648791723,2024,females
Secondary school or above,41,109,30967,4669.406672156381,71.95737397875158,271.9942196531792,154.82368327574514,2024,females
Secondary school or above,42,113,34117,6135.165972975349,75.00923293372806,359.5626813611982,109.81133550233999,2024,females
Secondary school or above,43,106,28569,3729.7008704073182,95.07375126885785,238.0046991494277,147.64383305914336,2024,females
Secondary school or above,44,87,24637,4822.881654963402,42.76393229695174,122.27949831554166,146.7372921486653,2024,females
Secondary school or above,45,93,25878,4447.726421413298,7.264858180694026,201.0433572919082,108.09252389417009,2024,females
Secondary school or above,46,74,22672,4224.922819630676,84.71815455187014,532.2979151964244,368.03693248647375,2024,females
Secondary school or above,47,70,18359,4459.660425404434,81.7511847050493,397.4708135882492,112.18839079833687,2024,females
Secondary school or above,48,67,17680,5047.652625377074,41.61085972850679,151.7486802413273,34.19358974358974,2024,females
Secondary school or above,49,62,18219,5269.018456007465,6.178165651243208,224.77535814259838,94.12774210073732,2024,females
Secondary school or above,50,58,17438,4740.708261650801,59.49076728982681,232.33216729747295,93.4247811293344,2024,females
Secondary school or above,51,52,13075,6465.496698534098,51.987762906309754,249.38330146590184,214.7036328871893,2024,females
Secondary school or above,52,59,13297,5193.432478503923,3.333834699556291,417.4766864706325,531.3842721415858,2024,females
Secondary school or above,53,39,8755,4576.377460498762,39.03826384922901,272.65752903102987,120.99760137064534,2024,females
Secondary school or above,54,41,10817,4725.210933407291,28.76583156143108,289.5128193276016,139.6767433977381,2024,females
Secondary school or above,55,45,11334,5684.100972001646,29.52267513675666,256.76783718604787,474.5891418151873,2024,females
Secondary school or above,56,39,10961,6628.10187634948,49.67375239485448,370.78353556548973,210.8706018307332,2024,females
Secondary school or above,57,27,7472,5580.507996520342,2.5894004282655247,972.211812990721,156.83137044967881,2024,females
Secondary school or above,58,38,9611,5771.937710262547,28.988138591197586,663.7880206707592,32.92061179898033,2024,females
Secondary school or above,59,40,10467,7207.405878793668,710.3563580777683,230.81748988885704,37.75166395974651,2024,females
At most primary school,15,84,22370,1035.98459246014,135.91551184622261,19.03746461034123,56.832066756072116,2024,urban
At most primary school,16,100,27015,1242.2707569868592,40.39811215991116,22.340597816028133,4.975013881177124,2024,urban
At most primary school,17,99,27490,1231.3840790590518,97.16405965805748,62.55059415545046,8.863829271250152,2024,urban
At most primary school,18,93,24558,1627.7811032385916,114.04149360697126,65.14560767706382,18.283247821483833,2024,urban
At most primary school,19,94,26976,1743.1313266113086,160.82184163701066,31.645644894226965,15.398873072360617,2024,urban
At most primary school,20,100,28290,2163.3089313067044,141.31530576175328,46.4004212324732,12.35359962295275,2024,urban
At most primary school,21,84,24081,1988.4911583129162,231.2557618039118,38.70201957283058,26.879420843541936,2024,urban
At most primary school,22,114,29405,2118.123782803378,154.35725216799864,52.5036331689622,3.6955166354928295,2024,urban
At most primary school,23,103,32312,1999.3502723446397,162.2392609556821,58.459447470496,40.05013617231988,2024,urban
At most primary school,24,110,32420,2441.992617725684,108.7910240592227,54.70296113510179,54.15689903351841,2024,urban
At most primary school,25,99,25977,2278.4387310569605,61.26323285983755,122.34980303088628,99.09727836162759,2024,urban
At most primary school,26,103,26784,2201.239630002987,65.38007765830346,57.01504007367582,44.540272799681404,2024,urban
At most primary school,27,105,26602,1954.31863205774,86.5322156228855,51.453869383254386,28.864997619226628,2024,urban
At most primary school,28,101,27791,1785.2837309440706,102.77931704508654,59.799716335024534,47.83992419608266,2024,urban
At most primary school,29,113,29054,2522.4108613845483,137.78694844083432,55.65044113260366,42.54118767352746,2024,urban
At most primary school,30,138,37598,2194.3844818873345,135.17753603915102,71.40886261680585,30.48633792577619,2024,urban
At most primary school,31,105,27337,2203.434411237517,123.29278999158649,99.52930704417699,70.9215836899928,2024,urban
At most primary school,32,130,32737,2398.1042347598536,95.57778660231543,92.24926433902516,232.95964810459114,2024,urban
At most primary school,33,140,40000,2340.7311458333334,75.8515,104.85472916666666,45.245,2024,urban
At most primary school,34,146,38242,2397.2216062618763,74.21107682652581,96.84830596377455,47.10440527866395,2024,urban
At most primary school,35,122,34163,2367.067782884017,40.15411410004976,67.01030110548449,56.29189473992331,2024,urban
At most primary school,36,137,35648,2573.0810798174743,136.2370960502693,94.72645730475763,70.33466113105925,2024,urban
At most primary school,37,109,27069,2377.0561404805003,85.63522849015479,115.672663686628,75.14253697341361,2024,urban
At most primary school,38,145,39734,2361.8572087716648,64.04036845019378,107.27789802184527,66.91917920840254,2024,urban
At most primary school,39,156,40124,2136.878239956136,80.62406539726847,100.52682517528994,168.18903067158476,2024,urban
At most primary school,40,196,51979,2062.781979260855,66.55303103176283,53.19269961587052,86.31242104183099,2024,urban
At most primary school,41,126,34090,2690.625550014667,65.56541507773541,57.630512369218735,39.75457123301066,2024,urban
At most primary school,42,154,43079,2267.3006182440013,138.17913600594258,177.2147392000743,47.891083822744264,2024,urban
At most primary school,43,156,41767,2169.3725648638083,79.90803744583044,151.79709260101677,125.74651439334085,2024,urban
At most primary school,44,141,35576,2546.3088833295856,91.47813132448842,103.93646934262799,67.97091672288434,2024,urban
At most primary school,45,171,44328,2537.596361216387,64.24494676051255,115.84959468808277,50.55457799434519,2024,urban
At most primary school,46,164,40369,2665.85969844848,40.07614753895316,99.42102851197701,127.88443277432351,2024,urban
At most primary school,47,141,36707,2629.019042689405,71.30574549813387,95.20888386411312,36.80842891001716,2024,urban
At most primary school,48,141,36097,2580.337456482995,54.37814776851262,97.13650026317977,101.8661938665263,2024,urban
At most primary school,49,120,28391,3048.7920291641717,53.984995244972,105.82529087856481,122.77822784215654,2024,urban
At most primary school,50,171,45935,2678.8872972678787,54.34927615108305,139.596567613657,196.24251659954282,2024,urban
At most primary school,51,115,29763,2661.8060007391728,33.93928703423714,91.17147688965045,68.04253603467393,2024,urban
At most primary school,52,145,38874,2375.458054655211,66.1503832896023,206.11459673132,80.03592804102142,2024,urban
At most primary school,53,126,32166,2483.1360028187114,32.699589628800595,162.13552094343925,13.505979398536757,2024,urban
At most primary school,54,126,31898,2791.920198758543,42.180575584676156,259.9167136915585,309.1071540535457,2024,urban
At most primary school,55,109,30138,2607.8571404870927,29.360276063441503,192.61449001260866,101.48649545424381,2024,urban
At most primary school,56,128,34874,1795.4091108944583,39.70579801571371,48.057650398577735,48.18011508095812,2024,urban
At most primary school,57,112,28135,2337.62638469285,40.31434156744269,146.21316865114625,42.05734257449204,2024,urban
At most primary school,58,108,30171,2263.832642824788,45.2523946836366,157.2066056809519,66.25346635289958,2024,urban
At most primary school,59,87,22656,2158.5360169491523,25.203478107344633,329.7925678260358,80.46468926553672,2024,urban
Secondary school or above,15,137,38755,934.6318432030276,83.71508192491291,29.761976949210858,1.45529609082699,2024,urban
Secondary school or above,16,171,43347,1091.761352188925,104.92894548642352,43.61137064464284,47.394437139056144,2024,urban
Secondary school or above,17,198,50215,1191.17835640081,85.22791994423977,205.0714510936307,21.128680009293372,2024,urban
Secondary school or above,18,252,68498,1653.9623225009004,118.76003678939531,62.02650564006735,26.383033081257846,2024,urban
Secondary school or above,19,275,71509,2676.499194740056,156.01543861611825,163.58663478256815,29.34395204333254,2024,urban
Secondary school or above,20,327,87341,2749.893221205772,123.65381664968342,135.38625235189278,56.02714265541575,2024,urban
Secondary school or above,21,294,74384,3198.6844964418874,124.64979027747903,95.54434869505987,149.5814960206496,2024,urban
Secondary school or above,22,351,90975,3290.386219657415,125.7334542456719,161.06030044884128,62.596878263259136,2024,urban
Secondary school or above,23,351,90718,3708.7893747657577,93.08842787539407,75.50178391645906,96.78692945905627,2024,urban
Secondary school or above,24,390,106864,3533.299578592105,107.74067974247642,111.88427580850427,87.9551080501073,2024,urban
Secondary school or above,25,372,102524,3753.818116571079,121.31164410284421,152.87536739365092,62.82267241491424,2024,urban
Secondary school or above,26,315,80527,4029.799046696553,102.59474461981695,166.4912803573129,94.29235328937291,2024,urban
Secondary school or above,27,314,82059,4187.569422610561,75.26371269452467,157.0024819540412,149.25963839026392,2024,urban
Secondary school or above,28,302,79791,4075.9358918925695,122.94529458209573,229.31677235945574,183.51257242880357,2024,urban
Secondary school or above,29,309,79487,4497.262971722839,104.02763973983167,203.46209652731474,223.23022213275968,2024,urban
Secondary school or above,30,332,82270,4589.533747619626,156.98645921964265,349.00071715084476,105.64464162716258,2024,urban
Secondary school or above,31,256,64147,4562.508194719421,97.59962274151557,144.005305522212,96.46470346755629,2024,urban
Secondary school or above,32,317,79277,4651.324293300705,96.48490735017722,255.05197808527905,186.05251207790405,2024,urban
Secondary school or above,33,278,72607,5036.131401471851,97.66983899624003,246.01636664968024,88.35988265594226,2024,urban
Secondary school or above,34,280,74350,4547.091670029142,86.08675184936114,204.21314727639543,116.32526339385788,2024,urban
Secondary school or above,35,283,74378,5271.022604130254,155.80084164672348,307.25859797251877,152.76572373551318,2024,urban
Secondary school or above,36,291,73357,5298.216308600407,100.96371171122047,157.92413584706753,35.733286075857336,2024,urban
Secondary school or above,37,235,62921,5890.186963282,114.2572432097392,330.89885994606993,139.24370771814392,2024,urban
Secondary school or above,38,214,55477,5167.037455462024,59.06159309263298,237.5927186041062,93.76197943892663,2024,urban
Secondary school or above,39,195,50570,6117.835999604508,59.59076527585525,242.570001977457,109.15529628897238,2024,urban
Secondary school or above,40,263,67225,5607.644222139581,95.07928597991818,242.907226974092,127.04970868972356,2024,urban
Secondary school or above,41,211,53071,5294.342355837777,162.45597407246896,260.57200103006664,94.79298172887891,2024,urban
Secondary school or above,42,190,50800,6506.377857611549,144.34153543307087,285.41207349081367,92.66896325459317,2024,urban
Secondary school or above,43,198,50491,5428.909033293062,122.06615040304213,346.42135066975635,98.69323245726962,2024,urban
Secondary school or above,44,176,44382,5735.3079777086805,53.19893199945924,377.5626004536374,83.34084388565935,2024,urban
Secondary school or above,45,182,45314,5522.415037295317,96.55181621573907,174.48838475232085,75.2901605096291,2024,urban
Secondary school or above,46,136,36590,5490.756361027603,144.91691719048922,274.73968297349,239.63929124533112,2024,urban
Secondary school or above,47,152,39294,5499.581157428615,81.50710032065965,450.00763475339744,60.624183505539435,2024,urban
Secondary school or above,48,142,37614,6284.576511848425,112.00909235922795,222.52982045692207,25.164637280445223,2024,urban
Secondary school or above,49,129,33221,6023.771883748232,47.801932512567355,328.3750915585523,50.53771208974243,2024,urban
Secondary school or above,50,120,31359,5815.049427596543,41.685640485984884,490.2545786961744,67.85275891025438,2024,urban
Secondary school or above,51,101,24184,6586.386019682434,130.4523652001323,171.32158658617269,183.58901201896572,2024,urban
Secondary school or above,52,127,29372,4764.264191520269,66.39833855372464,275.9528632711426,31.469313178083436,2024,urban
Secondary school or above,53,97,22576,5557.443819395228,110.81360737065911,479.1255389203874,55.28957004488542,2024,urban
Secondary school or above,54,94,22956,5720.463923738165,55.10716152639833,514.0435398152988,75.91697159783935,2024,urban
Secondary school or above,55,90,21128,5987.508633882368,43.854127224536164,192.65540199419414,287.56424334216837,2024,urban
Secondary school or above,56,86,22194,6171.080427142471,93.48175182481752,370.38013276861614,99.62989997296566,2024,urban
Secondary school or above,57,64,15859,5819.598403640414,55.60867646131534,603.2042793786914,139.20659142022407,2024,urban
Secondary school or above,58,81,18630,6193.982841295401,24.627214170692433,432.5577026301664,175.38593666129898,2024,urban
Secondary school or above,59,66,16336,6764.484512732615,534.4821253672869,515.792370633366,24.18870388507999,2024,urban
At most primary school,15,104,54710,628.4731615183086,58.22480350941327,43.29054712727716,7.433132273198074,2024,rural
At most primary school,16,107,58561,1068.4628393185453,123.45173408924028,31.857459173625223,6.858944803993556,2024,rural
At most primary school,17,77,41472,1432.5112123842594,105.86805555555556,47.26518293467078,135.60895704732508,2024,rural
At most primary school,18,77,42598,1198.3535612000564,90.43135827973144,15.108670986118284,4.781132134529007,2024,rural
At most primary school,19,55,29929,1312.6395803401383,166.92371946941094,51.23152572198648,9.75642353570116,2024,rural
At most primary school,20,70,35666,1441.529533262304,256.5953569225593,92.73741097964448,35.31374418213424,2024,rural
At most primary school,21,76,45843,1562.2931018185257,183.03160787906552,71.86655905299973,98.74353772658857,2024,rural
At most primary school,22,69,40889,1815.9913098062234,163.50074592188608,65.82110510569264,90.44649335192025,2024,rural
At most primary school,23,73,40344,1829.955272159429,117.96115903232203,91.22849742216934,69.84516491506379,2024,rural
At most primary school,24,79,49427,1949.4633230150864,104.35187245837295,69.07392046182585,241.3842636615615,2024,rural
At most primary school,25,83,48613,2075.1379260691583,147.78186904737416,89.24798922099026,149.5172896138893,2024,rural
At most primary school,26,72,44306,1699.9964414150077,109.71504988037738,38.85520584119532,179.3549406400939,2024,rural
At most primary school,27,88,49181,1846.2798641751897,114.57015920782416,40.712334709203425,118.49115173203745,2024,rural
At most primary school,28,68,38793,1637.0424775947552,139.37896012167144,71.22444770963834,40.062812019350574,2024,rural
At most primary school,29,67,39370,1679.6497163660995,153.07061214122427,136.62117940902547,44.49072898145796,2024,rural
At most primary school,30,94,52643,1799.444775816981,145.83011986398952,35.29372376194366,354.52754085696733,2024,rural
At most primary school,31,73,41979,1812.1776999610918,64.94866480859477,90.8153481502656,217.14428642892875,2024,rural
At most primary school,32,80,45495,2264.7921529838445,116.31599076821628,83.46905337582885,186.92823387185405,2024,rural
At most primary school,33,91,53538,1632.68762996999,54.61681422540999,80.8416374039623,177.90261122940714,2024,rural
At most primary school,34,97,54596,1975.9356668376195,61.57703861088724,137.7047616430996,47.16920653527731,2024,rural
At most primary school,35,72,39527,2285.7115178654253,195.1673539605839,109.53003643079414,37.87284640878387,2024,rural
At most primary school,36,67,38857,2152.3460766399876,104.14784980827136,126.15147635346699,102.96600355148365,2024,rural
At most primary school,37,83,45566,1775.4669307524618,126.89560198393539,102.09159241539744,45.759630718810804,2024,rural
At most primary school,38,79,47036,1994.3709357371658,54.812377753210306,177.72401281288091,92.9363324545738,2024,rural
At most primary school,39,77,42184,2196.0579248056133,74.42821923003983,159.30779442442633,33.75346102787787,2024,rural
At most primary school,40,93,53293,1871.6472973311068,39.27532696601805,109.671876856873,146.74206743850036,2024,rural
At most primary school,41,70,38804,1810.41071367213,58.829759818575404,57.55073574889187,163.11119128612168,2024,rural
At most primary school,42,89,49970,1915.4102528183575,118.51030618371023,118.53688879994662,93.75725435261157,2024,rural
At most primary school,43,63,38804,2437.217597842147,14.30934955159262,123.51892416589354,202.83561832113526,2024,rural
At most primary school,44,66,34887,2049.9892223464326,120.72273339639408,75.3620498562024,201.3247532509722,2024,rural
At most primary school,45,67,36656,1828.2153717445074,48.72490178961152,146.37788947693875,136.9671177069693,2024,rural
At most primary school,46,78,42782,2320.254717716173,38.0618016923005,206.52497935268724,363.2429760179515,2024,rural
At most primary school,47,57,30369,1820.0945124962955,38.547202739635814,95.8742742050556,61.00958213968191,2024,rural
At most primary school,48,76,40906,1891.2536873156341,68.71485845597223,148.19887873009665,146.87592692188596,2024,rural
At most primary school,49,74,41698,1938.3780437111293,22.91102690776536,229.8294882248549,105.9898156586247,2024,rural
At most primary school,50,66,33582,2335.820032557124,9.605145613721637,97.09260169138228,104.88634784507573,2024,rural
At most primary school,51,54,31756,2243.865117353151,68.19451442247134,139.80644077759584,52.41949028005206,2024,rural
At most primary school,52,74,44155,1688.4363039293398,21.1475484090137,55.98079681425283,161.32714301891065,2024,rural
At most primary school,53,61,31388,1928.4858544666752,66.57091882247992,243.6943524064398,106.46181130793084,2024,rural
At most primary school,54,52,27396,1581.7712439772229,29.55759964958388,47.789823331873265,240.5192972210055,2024,rural
At most primary school,55,56,32728,2000.1933818137375,52.33439256905402,120.15170496211195,150.59698117819605,2024,rural
At most primary school,56,56,29571,2574.216056271347,30.850833586960196,241.08896103164136,50.15612142527025,2024,rural
At most primary school,57,45,24907,2164.235061093936,19.633034889790018,119.90290547503379,243.5426453072095,2024,rural
At most primary school,58,49,26084,1543.5238524254971,109.97201349486275,144.67674947605173,33.647702295149,2024,rural
At most primary school,59,46,30228,2039.0457853645626,15.436350403599311,244.82826353050152,267.0184376516254,2024,rural
Secondary school or above,15,39,20975,524.9904648390942,10.526817640047677,35.31068732618196,23.075089392133492,2024,rural
Secondary school or above,16,69,38288,762.3437804708177,89.23200480568325,68.65838078074941,18.529304220643542,2024,rural
Secondary school or above,17,55,31949,1030.9232161674336,116.0994084321888,70.37505086231181,10.978956044529301,2024,rural
Secondary school or above,18,66,35800,1609.40802141527,151.27717877094972,133.80109404096834,9.580074487895718,2024,rural
Secondary school or above,19,71,41537,1985.0061591673286,137.94207573970195,67.62956320068051,21.378529985314298,2024,rural
Secondary school or above,20,58,33424,1961.6276976623583,192.92349808520822,208.06927656773576,62.498005425243335,2024,rural
Secondary school or above,21,68,38993,2668.249292608075,149.18652065755393,167.5532360509151,79.7373887620855,2024,rural
Secondary school or above,22,66,37562,2053.14437019683,415.054975773388,195.11388726194912,57.7116944429654,2024,rural
Secondary school or above,23,60,34931,2513.3930391342933,124.182531275944,110.58794480547365,242.5966429055376,2024,rural
Secondary school or above,24,87,49493,2411.604092161181,110.50936496070152,137.73244869644864,111.81204075997279,2024,rural
Secondary school or above,25,60,36148,2625.749121666482,153.01847958393273,77.03440254878095,176.7548227656671,2024,rural
Secondary school or above,26,63,34474,3270.5794028349865,165.80654986366537,127.64510935777687,83.13124867049565,2024,rural
Secondary school or above,27,76,43176,2576.179219937002,204.38910505836577,78.22412914582175,131.6595639552838,2024,rural
Secondary school or above,28,71,41223,3500.249565372082,191.84181161002354,128.82842507014692,42.09300633141693,2024,rural
Secondary school or above,29,52,26976,2270.766076018189,304.75051897983394,160.94380807631472,489.79710359826015,2024,rural
Secondary school or above,30,87,47902,2827.103200283913,170.4369337397186,367.96760399704954,338.73825727527037,2024,rural
Secondary school or above,31,57,33841,3973.8636466613475,243.32791584173046,158.13017739822502,190.69294642593303,2024,rural
Secondary school or above,32,57,33633,3244.449122389716,152.58139327446258,185.34710453027284,186.71295057433673,2024,rural
Secondary school or above,33,46,25824,3274.517270755886,41.51564436183395,303.8532469795539,89.7100371747212,2024,rural
Secondary school or above,34,45,26715,3248.391652629609,54.65468837731611,144.3188907604966,305.0938923201697,2024,rural
Secondary school or above,35,50,27588,4733.38186892852,240.3639263447876,244.67877035909333,85.02154318302644,2024,rural
Secondary school or above,36,46,27521,4093.635478361978,113.36797354747284,157.1089955549096,201.30312609764664,2024,rural
Secondary school or above,37,48,25685,4131.893316462267,66.27954058789176,125.30651807150736,337.2409318019597,2024,rural
Secondary school or above,38,47,25228,4608.069037048782,47.04058982083399,104.45495415147191,731.8653876644997,2024,rural
Secondary school or above,39,35,19559,5012.452391908243,113.19903880566491,116.86276138861905,41.25296112616528,2024,rural
Secondary school or above,40,35,17997,4632.806203811747,14.896927265655387,139.93582263710618,256.2735270693264,2024,rural
Secondary school or above,41,21,12992,4586.677378386699,128.44057881773398,133.54628489326765,78.58169129720854,2024,rural
Secondary school or above,42,25,14187,4675.846620145203,183.978289983788,643.0405770541105,36.849933037287656,2024,rural
Secondary school or above,43,28,15712,3960.5051871181263,30.61099796334012,231.9870958503055,246.26188051595383,2024,rural
Secondary school or above,44,20,11836,4170.998986143967,6.235214599526867,202.60617325673087,196.3923622845556,2024,rural
Secondary school or above,45,23,14718,4122.489910313901,45.08764777823074,206.59679757213388,61.11564071205327,2024,rural
Secondary school or above,46,24,13668,6507.452394888304,85.68554287386597,562.0427275387767,422.7880206809092,2024,rural
Secondary school or above,47,6,3573,5551.240787386882,157.01091519731318,47.019311502938706,0,2024,rural
Secondary school or above,48,13,5822,4982.172907362877,0,407.1052330241612,71.41875644108553,2024,rural
Secondary school or above,49,14,8003,4623.654129701362,30.678495564163438,143.63363738598025,87.80040818026573,2024,rural
Secondary school or above,50,16,8785,4922.673211914247,219.0381331815595,28.927148548662494,0,2024,rural
Secondary school or above,51,11,6312,4163.825253485425,0,453.94856358259403,485.50380228136885,2024,rural
Secondary school or above,52,2,1149,5783.289817232376,0,135.13925152306354,5430.809399477806,2024,rural
Secondary school or above,53,2,1106,4178.571428571428,0,0,0,2024,rural
Secondary school or above,54,4,2423,2903.3924886504333,0,279.2681249140184,0,2024,rural
Secondary school or above,55,6,3296,3907.078276699029,12.226941747572816,157.83272653721681,44.25364077669903,2024,rural
Secondary school or above,56,6,3687,6489.740891420305,0,161.77334779857154,73.95353042220412,2024,rural
Secondary school or above,57,6,3778,14014.425622022234,0,3043.0739368272452,374.625022057526,2024,rural
Secondary school or above,58,3,1287,5429.039368039368,0,0,1595.9595959595958,2024,rural
Secondary school or above,59,2,931,1871.858216970999,0,291.08485499462944,0,2024,rural
At most primary school,15,188,77080,746.740295796575,80.77204203425013,36.25186710776682,21.769590036325894,2024,indigenous
At most primary school,16,207,85576,1123.3312708391761,97.23300925493129,28.853135419588046,6.264217381820448,2024,indigenous
At most primary school,17,176,68962,1352.3368425123015,102.3984223195383,53.35833502508628,85.08513867540577,2024,indigenous
At most primary school,18,170,67156,1355.3891436853494,99.06525105723986,33.4064714991959,9.718664998908014,2024,indigenous
At most primary school,19,149,56905,1516.7155903113378,164.03110447236622,41.94677532729989,12.43124505755206,2024,indigenous
At most primary school,20,170,63956,1760.7980799299519,205.6029145037213,72.24092214439094,25.157660474909832,2024,indigenous
At most primary school,21,160,69924,1709.0706803100509,199.63943710314055,60.44508323322464,73.99438437923078,2024,indigenous
At most primary school,22,183,70294,1942.3777064898854,159.67588983412526,60.250213389478475,54.15730123955577,2024,indigenous
At most primary school,23,176,72656,1905.2896044373485,137.65277471922485,76.65525444101887,56.59454598840197,2024,indigenous
At most primary school,24,189,81847,2144.5566035814795,106.1102422813298,63.3815126598002,167.22258197205355,2024,indigenous
At most primary school,25,182,74590,2145.9402455646423,117.65055637484917,100.77615408678554,131.95782276444564,2024,indigenous
At most primary school,26,175,71090,1888.8457530360577,93.01132367421579,45.69713860364796,128.56191681905565,2024,indigenous
At most primary school,27,193,75783,1884.204561049312,104.72803927002099,44.4829205318695,87.02980879616801,2024,indigenous
At most primary school,28,169,66584,1698.9157905803197,124.10290760543073,66.45596414554048,43.308842965276945,2024,indigenous
At most primary school,29,180,68424,2037.5005042090495,146.58090728399392,102.23961987022098,43.66292041778713,2024,indigenous
At most primary school,30,232,90241,1963.9924101387767,141.39182854799924,50.340731116307076,219.51905083794136,2024,indigenous
At most primary school,31,178,69316,1966.4824018504626,87.9585521380345,94.25197886009964,159.4766480081559,2024,indigenous
At most primary school,32,210,78232,2320.5779902512186,107.63787197054914,87.1432246395337,206.19056140709685,2024,indigenous
At most primary school,33,231,93538,1935.4708906184294,63.69748123757189,91.11044441831127,121.17374756783339,2024,indigenous
At most primary school,34,243,92838,2149.4725471610045,66.78127490898123,120.87509514782022,47.1425134822666,2024,indigenous
At most primary school,35,194,73690,2323.4286312027866,123.30255122811779,89.81770479938481,46.411996200298546,2024,indigenous
At most primary school,36,204,74505,2353.6528532760667,119.50141601234816,111.11571930295506,87.35306355278169,2024,indigenous
At most primary school,37,192,72635,1999.662130286134,111.5190335237833,107.15287166425736,56.70980473141965,2024,indigenous
At most primary school,38,224,86770,2162.651442510852,59.03808920133687,145.4650993046752,81.02247320502478,2024,indigenous
At most primary school,39,233,82308,2167.2086552947467,77.44860766875638,130.65289319790705,99.28892290745331,2024,indigenous
At most primary school,40,289,105272,1966.0217713795373,52.74393950908124,81.78477341236669,116.90438419839401,2024,indigenous
At most primary school,41,196,72894,2222.0567170594745,61.97979257552062,57.58804451212263,105.4215710483716,2024,indigenous
At most primary school,42,243,93049,2078.3253303814836,127.61640640952616,145.70303907976802,72.5225418865329,2024,indigenous
At most primary school,43,219,80571,2298.370078357391,48.314889972819,138.17797346439787,162.873589753137,2024,indigenous
At most primary school,44,207,70463,2300.575604690878,105.95745284759377,89.78896252879763,133.99585598115323,2024,indigenous
At most primary school,45,238,80984,2216.5073862326713,57.22006816161217,129.66769670552208,89.66771214066976,2024,indigenous
At most primary school,46,242,83151,2488.0425671368957,39.0397469663624,154.52705519677053,248.9786973898891,2024,indigenous
At most primary school,47,198,67076,2262.774349245632,56.47414872681734,95.51014272367662,47.76562406822112,2024,indigenous
At most primary school,48,217,77003,2214.278203446619,61.99418204485539,124.26216619265917,125.77653684488482,2024,indigenous
At most primary school,49,194,70089,2388.1742094574993,35.49818088430424,179.59902172000363,112.7903094636819,2024,indigenous
At most primary school,50,237,79517,2534.0014881513807,35.45272080184112,121.64608930585075,157.66054219013964,2024,indigenous
At most primary school,51,169,61519,2446.0656490948595,51.62177538646597,116.27676002535802,59.97794719246629,2024,indigenous
At most primary school,52,219,83029,2010.098416416754,42.21777933011357,126.27312043583164,123.26677024493449,2024,indigenous
At most primary school,53,187,63554,2209.2058197228603,49.42793529911571,202.415733077383,59.41493323263157,2024,indigenous
At most primary school,54,178,59294,2232.7870526528823,36.348298310115695,161.90631991994695,277.41705175340957,2024,indigenous
At most primary school,55,165,62866,2291.5077704959754,41.32058664460917,154.89040976044285,127.0533833868864,2024,indigenous
At most primary school,56,184,64445,2152.769653709882,35.64264101171542,136.63130059223627,49.086818217084335,2024,indigenous
At most primary school,57,157,53042,2256.2067983861843,30.602993853927078,133.85862461194273,136.66905471136081,2024,indigenous
At most primary school,58,157,56255,1929.843939797944,75.26122122478002,151.3968328741149,51.135010221313664,2024,indigenous
At most primary school,59,133,52884,2090.2365176612966,19.620679222449134,281.2277658018808,187.09706779618284,2024,indigenous
Secondary school or above,15,176,59730,790.7807146046097,58.01402980077013,31.71048189073051,9.047379876109158,2024,indigenous
Secondary school or above,16,240,81635,937.2597292827832,97.56685245299198,55.35878197668484,33.8562707988812,2024,indigenous
Secondary school or above,17,253,82164,1128.8640645538192,97.23212112360645,152.69552865813088,17.182018077665806,2024,indigenous
Secondary school or above,18,318,104298,1638.6691818954662,129.92145582849145,86.6629345720915,20.615464022959852,2024,indigenous
Secondary school or above,19,346,113046,2422.4207999398477,149.37466164216337,128.3286965777943,26.41718120647052,2024,indigenous
Secondary school or above,20,385,120765,2531.7258145986007,142.8255123587132,155.5026552947184,57.818076429429055,2024,indigenous
Secondary school or above,21,362,113377,3016.2554332007376,133.0885452957831,120.30988795493501,125.5604752286619,2024,indigenous
Secondary school or above,22,417,128537,2928.83057148266,210.28105526035304,171.01168275801263,61.169294963058626,2024,indigenous
Secondary school or above,23,411,125649,3376.4636944981658,101.73273165723563,85.2558980440221,137.32270053880254,2024,indigenous
Secondary school or above,24,477,156357,3178.2398453539017,108.6170750270215,120.06621598862432,95.50674418158445,2024,indigenous
Secondary school or above,25,432,138672,3459.761363745625,129.57674945194415,133.10570086246682,92.52166983962155,2024,indigenous
Secondary school or above,26,378,115001,3802.2067822598647,121.5438300536517,154.84631293061219,90.94657437761411,2024,indigenous
Secondary school or above,27,390,125235,3632.026775661756,119.78096378807841,129.84286874010195,143.19183934203696,2024,indigenous
Secondary school or above,28,373,121014,3879.8303385007794,146.4146545027848,195.0857648701803,135.33848700701296,2024,indigenous
Secondary school or above,29,361,106463,3933.1047171317737,154.88756657242422,192.68865083017886,290.7739527660627,2024,indigenous
Secondary school or above,30,419,130172,3940.976853061078,161.93609992932429,355.98034267482,191.42077149207717,2024,indigenous
Secondary school or above,31,313,97988,4359.214728674259,147.92814426256277,148.883451715176,129.007238981644,2024,indigenous
Secondary school or above,32,374,112910,4232.252177250317,113.19461518023205,234.28867977445162,186.24923980751632,2024,indigenous
Secondary school or above,33,324,98431,4573.96071020986,82.93742824923042,261.19024071007436,88.71410429641068,2024,indigenous
Secondary school or above,34,325,101065,4203.800016491037,77.77816256864394,188.3810089216511,166.22338758884547,2024,indigenous
Secondary school or above,35,333,101966,5125.558110056293,178.68029539258185,290.3269513040295,134.43680573262984,2024,indigenous
Secondary school or above,36,337,100878,4969.588966375226,104.34777652213565,157.70175360336248,80.90317016594302,2024,indigenous
Secondary school or above,37,283,88606,5380.494929801594,100.34952486287611,271.3020008050621,196.6389033097834,2024,indigenous
Secondary school or above,38,261,80705,4992.306580550565,55.30388451768788,195.9744852652665,293.2300766164839,2024,indigenous
Secondary school or above,39,230,70129,5809.5441662270005,74.54212950419941,207.51021332116528,90.21731380741205,2024,indigenous
Secondary school or above,40,298,85222,5401.780010834448,78.14654666635376,221.1619456634828,154.33891874555084,2024,indigenous
Secondary school or above,41,232,66063,5155.172421274642,155.76648048075322,235.59102674719585,91.60485697995348,2024,indigenous
Secondary school or above,42,215,64987,6106.763370622843,152.99444504285472,363.4842353086002,80.48337872702746,2024,indigenous
Secondary school or above,43,226,66203,5080.411816685045,100.36104104043623,319.2625963576676,133.71579334269845,2024,indigenous
Secondary school or above,44,196,56218,5405.962194789332,43.31130598740617,340.7277028709666,107.14243362149726,2024,indigenous
Secondary school or above,45,205,60032,5179.196453558102,83.93438499466951,182.36038001954515,71.81500421997157,2024,indigenous
Secondary school or above,46,160,50258,5767.25366276679,128.80854789287278,352.8736718532373,289.44781593643467,2024,indigenous
Secondary school or above,47,158,42867,5503.887030427446,87.80040590664147,416.41822380852403,55.57110753415603,2024,indigenous
Secondary school or above,48,155,43436,6110.007173389201,96.99580992724928,247.26962273996992,31.364367498541917,2024,indigenous
Secondary school or above,49,143,41224,5751.9607449543955,44.477682903163206,292.5104045378097,57.77168639627401,2024,indigenous
Secondary school or above,50,136,40144,5619.7643275873515,80.49696094061379,389.29898199814005,53.00405207918162,2024,indigenous
Secondary school or above,51,112,30496,6084.96932384575,103.45160020986359,229.81914294770897,246.07872070654076,2024,indigenous
Secondary school or above,52,129,30521,4802.626645042212,63.898692703384555,270.651764358966,234.7340082784531,2024,indigenous
Secondary school or above,53,99,23682,5493.047532584523,105.63837513723503,456.7493525321622,52.707428989668664,2024,indigenous
Secondary school or above,54,98,25379,5451.510691253924,49.84593561606052,491.6289123553594,68.66897828913669,2024,indigenous
Secondary school or above,55,96,24424,5706.756158559886,39.58606288896168,187.95610874549624,254.72966481056883,2024,indigenous
Secondary school or above,56,92,25881,6216.4767074945585,80.16436768285615,340.6620686990456,95.97205156936234,2024,indigenous
Secondary school or above,57,70,19637,7396.21689073348,44.91001680501095,1072.615470794928,184.49919369896963,2024,indigenous
Secondary school or above,58,84,19917,6144.553597429332,23.035848772405483,404.6066174624693,267.18080032133355,2024,indigenous
Secondary school or above,59,68,17267,6500.684484855505,505.6639833207853,503.6766182120036,22.884500299222022,2024,indigenous
At most primary school,15,188,77080,746.740295796575,80.77204203425013,36.25186710776682,21.769590036325894,2024,p99
At most primary school,16,207,85576,1123.3312708391761,97.23300925493129,28.853135419588046,6.264217381820448,2024,p99
At most primary school,17,176,68962,1352.3368425123015,102.3984223195383,53.35833502508628,85.08513867540577,2024,p99
At most primary school,18,170,67156,1355.3891436853494,99.06525105723986,33.4064714991959,9.718664998908014,2024,p99
At most primary school,19,148,56702,1509.615192879734,161.03823498289302,42.09694984303905,12.475750414447463,2024,p99
At most primary school,20,170,63956,1760.7980799299519,205.6029145037213,72.24092214439094,25.157660474909832,2024,p99
At most primary school,21,160,69924,1709.0706803100509,199.63943710314055,60.44508323322464,73.99438437923078,2024,p99
At most primary school,22,183,70294,1942.3777064898854,159.67588983412526,60.250213389478475,54.15730123955577,2024,p99
At most primary school,23,176,72656,1905.2896044373485,137.65277471922485,76.65525444101887,56.59454598840197,2024,p99
At most primary school,24,189,81847,2144.5566035814795,106.1102422813298,63.3815126598002,167.22258197205355,2024,p99
At most primary school,25,182,74590,2145.9402455646423,117.65055637484917,100.77615408678554,131.95782276444564,2024,p99
At most primary school,26,175,71090,1888.8457530360577,93.01132367421579,45.69713860364796,128.56191681905565,2024,p99
At most primary school,27,193,75783,1884.204561049312,104.72803927002099,44.4829205318695,87.02980879616801,2024,p99
At most primary school,28,169,66584,1698.9157905803197,124.10290760543073,66.45596414554048,43.308842965276945,2024,p99
At most primary school,29,180,68424,2037.5005042090495,146.58090728399392,102.23961987022098,43.66292041778713,2024,p99
At most primary school,30,232,90241,1963.9924101387767,141.39182854799924,50.340731116307076,219.51905083794136,2024,p99
At most primary school,31,178,69316,1966.4824018504626,87.9585521380345,94.25197886009964,159.4766480081559,2024,p99
At most primary school,32,209,78046,2287.5004142855923,107.89439561284371,87.35090523537401,206.6819567947108,2024,p99
At most primary school,33,231,93538,1935.4708906184294,63.69748123757189,91.11044441831127,121.17374756783339,2024,p99
At most primary school,34,241,91786,2154.058487496278,67.54668467958076,122.26049815149733,47.682834709723345,2024,p99
At most primary school,35,194,73690,2323.4286312027866,123.30255122811779,89.81770479938481,46.411996200298546,2024,p99
At most primary school,36,204,74505,2353.6528532760667,119.50141601234816,111.11571930295506,87.35306355278169,2024,p99
At most primary school,37,192,72635,1999.662130286134,111.5190335237833,107.15287166425736,56.70980473141965,2024,p99
At most primary school,38,224,86770,2162.651442510852,59.03808920133687,145.4650993046752,81.02247320502478,2024,p99
At most primary school,39,233,82308,2167.2086552947467,77.44860766875638,130.65289319790705,99.28892290745331,2024,p99
At most primary school,40,289,105272,1966.0217713795373,52.74393950908124,81.78477341236669,116.90438419839401,2024,p99
At most primary school,41,196,72894,2222.0567170594745,61.97979257552062,57.58804451212263,105.4215710483716,2024,p99
At most primary school,42,242,92851,2042.240726181373,127.88854185738441,146.01374334507258,68.83878471960453,2024,p99
At most primary school,43,218,79925,2132.750281513919,48.70539881138568,139.29480763215514,164.19002815139194,2024,p99
At most primary school,44,207,70463,2300.575604690878,105.95745284759377,89.78896252879763,133.99585598115323,2024,p99
At most primary school,45,237,80612,1968.3128339039679,57.484121470748775,130.26607390959163,90.08150151342232,2024,p99
At most primary school,46,242,83151,2488.0425671368957,39.0397469663624,154.52705519677053,248.9786973898891,2024,p99
At most primary school,47,198,67076,2262.774349245632,56.47414872681734,95.51014272367662,47.76562406822112,2024,p99
At most primary school,48,216,76805,2204.5187748193475,62.15400039059957,124.5825087342404,126.10078336913828,2024,p99
At most primary school,49,193,69838,2345.722130740666,35.62576247887969,180.24450633370563,94.02751128802848,2024,p99
At most primary school,50,237,79517,2534.0014881513807,35.45272080184112,121.64608930585075,157.66054219013964,2024,p99
At most primary school,51,169,61519,2446.0656490948595,51.62177538646597,116.27676002535802,59.97794719246629,2024,p99
At most primary school,52,219,83029,2010.098416416754,42.21777933011357,126.27312043583164,123.26677024493449,2024,p99
At most primary school,53,187,63554,2209.2058197228603,49.42793529911571,202.415733077383,59.41493323263157,2024,p99
At most primary school,54,178,59294,2232.7870526528823,36.348298310115695,161.90631991994695,277.41705175340957,2024,p99
At most primary school,55,165,62866,2291.5077704959754,41.32058664460917,154.89040976044285,127.0533833868864,2024,p99
At most primary school,56,183,63765,1823.80993230351,36.02273974751039,138.0883582947803,35.39141117122769,2024,p99
At most primary school,57,157,53042,2256.2067983861843,30.602993853927078,133.85862461194273,136.66905471136081,2024,p99
At most primary school,58,157,56255,1929.843939797944,75.26122122478002,151.3968328741149,51.135010221313664,2024,p99
At most primary school,59,133,52884,2090.2365176612966,19.620679222449134,281.2277658018808,187.09706779618284,2024,p99
Secondary school or above,15,176,59730,790.7807146046097,58.01402980077013,31.71048189073051,9.047379876109158,2024,p99
Secondary school or above,16,239,81438,939.5269775780348,97.8028684397947,55.49269587498056,33.938169732393554,2024,p99
Secondary school or above,17,252,81791,1134.012140700077,97.67553887347019,153.3918819511519,17.260375020886567,2024,p99
Secondary school or above,18,316,103961,1641.3775518383495,130.34260924769865,83.65897548119005,20.682291115578597,2024,p99
Secondary school or above,19,346,113046,2422.4207999398477,149.37466164216337,128.3286965777943,26.41718120647052,2024,p99
Secondary school or above,20,384,120586,2533.2573267211783,143.03752508583085,155.73348619795556,57.90390260892641,2024,p99
Secondary school or above,21,362,113377,3016.2554332007376,133.0885452957831,120.30988795493501,125.5604752286619,2024,p99
Secondary school or above,22,413,127682,2906.5342948366515,211.6891652699676,172.15683233867475,61.57890436135608,2024,p99
Secondary school or above,23,408,124684,3339.5318304674215,102.52009880979115,85.91574166158716,138.38551859099803,2024,p99
Secondary school or above,24,475,155627,3123.4403252648963,109.12656544172927,120.62941092055577,95.9547379310788,2024,p99
Secondary school or above,25,428,137962,3365.06908544865,122.48058885780142,132.92090394456446,92.99781823980517,2024,p99
Secondary school or above,26,373,114033,3728.388994121585,122.57558776845299,155.09674830969982,91.71859900204326,2024,p99
Secondary school or above,27,386,124293,3545.2488816747523,120.68876766994119,128.22689129717682,144.27707111422205,2024,p99
Secondary school or above,28,365,118504,3610.115638150048,130.92176635387835,189.51632082742634,138.20505355656067,2024,p99
Secondary school or above,29,352,104112,3713.4788577045233,158.38515252804672,195.27251261462015,287.0530518416065,2024,p99
Secondary school or above,30,412,128315,3785.4901784670537,161.19106106067102,351.9464326072556,194.19105066957619,2024,p99
Secondary school or above,31,305,96486,4199.400339600218,149.44844847957216,143.39774682337335,129.7925225766778,2024,p99
Secondary school or above,32,370,111860,4108.551332022171,114.25714285714285,233.19805858513618,187.12022468561892,2024,p99
Secondary school or above,33,315,96255,4130.313438262948,55.32090800477897,173.07929371634376,86.71983793049712,2024,p99
Secondary school or above,34,321,100057,4165.493530354365,78.56171981970277,183.2328239570112,166.44979028620352,2024,p99
Secondary school or above,35,322,98794,4700.9220018422175,165.3816527319473,236.9490513931345,95.74788617392419,2024,p99
Secondary school or above,36,329,98495,4596.530152968848,83.29757855728717,161.2616968712456,82.86055129702015,2024,p99
Secondary school or above,37,276,83152,4646.6677540327755,68.94085530113527,228.91694427073313,196.8513886216407,2024,p99
Secondary school or above,38,256,79180,4756.66712027448,56.369032583985856,199.7489370211333,282.8466784541551,2024,p99
Secondary school or above,39,223,68538,5527.781576157266,76.27250576322623,211.62105328430943,92.31156438763898,2024,p99
Secondary school or above,40,293,83857,4936.5131543381385,79.41859355808101,203.03349750169932,156.85120304009604,2024,p99
Secondary school or above,41,223,63693,4702.261614306125,103.9894650903553,207.96633853013674,84.99665060001361,2024,p99
Secondary school or above,42,207,62903,5571.7866847898085,141.21584026199068,343.1328129553969,83.14982327286987,2024,p99
Secondary school or above,43,220,65181,4791.617626302143,96.19155888986054,323.1784057726434,135.81237886296108,2024,p99
Secondary school or above,44,190,54930,5189.146853571212,44.32687056253413,333.75259421081375,100.80708780872625,2024,p99
Secondary school or above,45,195,58122,4886.703305116824,76.72738377894773,168.99725290480944,74.17498250805775,2024,p99
Secondary school or above,46,157,49751,5655.175381734371,130.1212035938976,356.4697192016241,292.39750624778065,2024,p99
Secondary school or above,47,151,41715,5202.756610332015,88.24020136641496,400.44588277597984,57.10575732150705,2024,p99
Secondary school or above,48,152,42691,5861.934714967245,62.84298798341571,251.58472121368283,31.911706604826936,2024,p99
Secondary school or above,49,135,39448,5059.304795764889,38.94742445751369,301.75037813492867,43.47275738524978,2024,p99
Secondary school or above,50,131,38946,5354.7339435799995,77.73506906999435,388.273121758332,39.613687327752956,2024,p99
Secondary school or above,51,108,29098,5440.1857344147365,97.0396590830985,228.69613031823494,207.08181547414486,2024,p99
Secondary school or above,52,126,30085,4715.149337986815,64.82472993185974,274.5741233172677,238.13583734973133,2024,p99
Secondary school or above,53,96,22973,5394.939058895225,83.90406128933967,466.63785748487356,54.334102352036446,2024,p99
Secondary school or above,54,94,24232,4717.851319192253,52.2053482997689,490.62053620556844,71.91936282601519,2024,p99
Secondary school or above,55,92,23222,4445.721661212069,31.827146671260014,196.30910343639653,267.91479344299944,2024,p99
Secondary school or above,56,88,24681,5174.54250908256,45.813945950326165,300.72424131923344,100.63825074618802,2024,p99
Secondary school or above,57,64,18179,5077.710238003558,42.90103966114748,847.6548031611566,121.44107670022187,2024,p99
Secondary school or above,58,80,18650,5392.28435210009,24.600804289544236,413.3270777479893,285.3319034852547,2024,p99
Secondary school or above,59,64,15848,4926.9667465926295,30.495961635537608,497.9671988053172,24.933535251556453,2024,p99
At most primary school,15,188,77080,746.740295796575,80.77204203425013,36.25186710776682,21.769590036325894,2024,p90
At most primary school,16,205,85125,1129.282782183064,97.74815859030836,28.20937934410181,6.297405775819873,2024,p90
At most primary school,17,174,67998,1297.9161642009078,102.34639254095708,42.08502455954587,16.117748561232194,2024,p90
At most primary school,18,166,65741,1358.9421112142093,101.19751753091678,34.12550767405424,9.927848171866364,2024,p90
At most primary school,19,145,55492,1436.921850597083,134.73635839400274,42.48626678920685,12.74778346428314,2024,p90
At most primary school,20,167,62724,1730.6406160321408,191.6481729481538,73.65984976510852,25.65179729183938,2024,p90
At most primary school,21,155,68450,1673.6859252495738,202.06848794740688,61.74670562454346,75.58777696615535,2024,p90
At most primary school,22,176,68431,1861.0300667825986,136.74003010331575,59.084749601788666,55.631706877487304,2024,p90
At most primary school,23,168,70363,1829.8980287935422,131.0212753862115,75.75663582659448,56.46338748110987,2024,p90
At most primary school,24,181,80132,2095.712324664304,108.38123346478311,64.73801560758083,162.01600692191218,2024,p90
At most primary school,25,180,73806,2022.8664731412982,118.9002926591334,101.8466430010207,133.35953716500015,2024,p90
At most primary school,26,167,68424,1756.0841651564754,83.34641353910908,46.72497344986165,131.41587746989362,2024,p90
At most primary school,27,190,75101,1871.9614152940705,105.67908549819576,44.88687456447539,87.8201355507916,2024,p90
At most primary school,28,166,64854,1698.1378326703057,127.4133900761711,67.9907266064288,44.46411940666729,2024,p90
At most primary school,29,174,66847,1938.917595404431,150.03892470866307,103.31718326925666,35.79205748450441,2024,p90
At most primary school,30,228,88837,1906.5552538169156,143.62641692087757,51.00462551264301,222.98837946651358,2024,p90
At most primary school,31,176,68833,1926.8885442544517,88.57575581479813,94.91334340602134,160.5956929573509,2024,p90
At most primary school,32,207,77539,2257.602720351479,107.60683011129883,87.92206180115812,208.03337675234397,2024,p90
At most primary school,33,221,90384,1729.7719858234495,65.92024030801912,94.01550145305954,124.6918702425208,2024,p90
At most primary school,34,236,89194,2101.4661374830894,69.50960826961455,117.40665011099401,49.06850983997429,2024,p90
At most primary school,35,190,72141,2242.8135988319173,125.950083863545,87.85318565956484,42.54769594728842,2024,p90
At most primary school,36,200,73429,2226.100212450122,121.25254327309374,112.7439658263992,88.63310136322161,2024,p90
At most primary school,37,187,71529,1943.0236990125215,113.10915852311649,108.80969723235796,57.58666648026208,2024,p90
At most primary school,38,216,84860,2080.668591405452,60.366898420928585,148.70323670359022,82.8460994579307,2024,p90
At most primary school,39,230,81825,2145.4263366941645,77.48817598533455,131.42411650880945,99.87500967511967,2024,p90
At most primary school,40,284,104093,1958.1918628854328,53.34133899493722,82.32298681627647,118.22849118896885,2024,p90
At most primary school,41,187,70444,2161.4504760282402,59.91503889614445,59.59092210360949,107.34673404879526,2024,p90
At most primary school,42,234,90677,1973.9409203362852,123.59053563748249,149.51445331598237,70.4892089504505,2024,p90
At most primary school,43,210,77351,2020.8106714845314,46.468112888004036,143.7721662723602,167.12675121631696,2024,p90
At most primary school,44,197,66449,2114.3518437699086,103.3902692290328,94.96079198583375,142.0901744194796,2024,p90
At most primary school,45,226,76994,1868.181340970292,60.18533911733382,134.17128282723328,70.80616671428943,2024,p90
At most primary school,46,221,76607,2039.478365771622,39.05757959455402,110.25064071603553,270.24720543379414,2024,p90
At most primary school,47,188,64416,2139.7502781400067,53.06383507203179,95.631597739692,49.73806197218082,2024,p90
At most primary school,48,210,75217,2187.943569937647,62.63661140433678,127.21272562496954,128.76305445134298,2024,p90
At most primary school,49,177,64928,2065.4574631386563,34.53104977821587,167.4638509836537,93.05220141284704,2024,p90
At most primary school,50,219,73835,2239.4079546737094,25.80962957946773,123.53212681429314,165.7180650549649,2024,p90
At most primary school,51,157,58688,2178.671380861505,51.01417666303163,111.63179298436933,62.871171846601236,2024,p90
At most primary school,52,211,80788,1877.1106032661614,43.388869634104076,86.91780235513525,120.62661946493705,2024,p90
At most primary school,53,168,57976,1857.6664826824892,53.205516075617496,219.87209362494826,17.59446437606366,2024,p90
At most primary school,54,169,57291,1762.186407987293,37.55521809708331,163.4935097426588,248.57598342962535,2024,p90
At most primary school,55,144,56589,2071.046510805987,44.258778207778896,162.75820094600246,133.6273480711799,2024,p90
At most primary school,56,171,59376,1666.3026082367737,37.422359202371325,143.3119021153328,37.20386463666576,2024,p90
At most primary school,57,146,50314,2024.2756687999365,32.262272926024565,125.2271567887003,143.61609094884128,2024,p90
At most primary school,58,145,52577,1704.1171836861492,79.93457215132092,155.63070353957053,54.7121364855355,2024,p90
At most primary school,59,121,47396,1888.6718851098547,21.8925647733986,148.7264220609334,201.23955608068192,2024,p90
Secondary school or above,15,166,56957,780.9413022104394,57.2350720719139,32.63976186713954,9.48785926225047,2024,p90
Secondary school or above,16,229,79336,920.6312981076267,98.5992487647474,56.742388911297105,34.837358408120735,2024,p90
Secondary school or above,17,235,76943,1068.6819723691565,89.3399009656499,96.90066022900069,16.163047104133362,2024,p90
Secondary school or above,18,294,98834,1559.50147047912,134.3465609000951,80.91019200545021,20.72314857909896,2024,p90
Secondary school or above,19,299,99503,2224.688562991401,149.28954905882236,122.49182604209588,21.608561215909738,2024,p90
Secondary school or above,20,322,103344,2359.0317265637095,143.41212842545286,130.7478082907571,45.193721938380556,2024,p90
Secondary school or above,21,297,96101,2731.1869812315517,126.94623365001405,122.97407154972373,129.14853470133852,2024,p90
Secondary school or above,22,343,108778,2556.903139881226,220.40650683042526,156.21883101362408,60.06714593024325,2024,p90
Secondary school or above,23,337,106697,2810.737347348098,114.99747884195432,93.75507277617928,139.89015623682016,2024,p90
Secondary school or above,24,392,132036,2728.0331689842164,108.40835075282499,91.30915684611269,91.90787361022751,2024,p90
Secondary school or above,25,334,113684,2943.03228979745,125.4926550789909,113.85372685103738,83.966887747323,2024,p90
Secondary school or above,26,300,94080,3319.243243339002,116.2202380952381,134.06800949546485,71.58213222789115,2024,p90
Secondary school or above,27,323,107741,2973.9246773899135,124.61838111768036,102.75364067532323,100.00541421866637,2024,p90
Secondary school or above,28,308,104449,3220.0333687573197,141.47170389376635,168.48151171065945,135.59872920436447,2024,p90
Secondary school or above,29,287,86282,3084.2316126190863,161.81538443707842,193.41543041035982,329.2923282569559,2024,p90
Secondary school or above,30,328,106030,3169.504594611588,149.05263604640197,244.67098148322802,204.03171429469649,2024,p90
Secondary school or above,31,240,77047,3260.36984351543,98.67617168741158,136.5665329820326,120.19429698755305,2024,p90
Secondary school or above,32,312,97269,3494.2922376776432,105.31501300517122,151.98618093465888,157.26115206283606,2024,p90
Secondary school or above,33,263,79378,3223.629994036971,47.398699891657635,190.4041096609472,79.59952799684213,2024,p90
Secondary school or above,34,257,80989,3231.644059687118,61.56922545036981,153.73972597101664,172.3503603370005,2024,p90
Secondary school or above,35,257,81685,3677.3482544734857,119.06892330293199,235.44269143661626,89.9187121258493,2024,p90
Secondary school or above,36,255,77909,3609.3897356745265,83.62820726745305,158.66304491992796,104.75490636511827,2024,p90
Secondary school or above,37,215,66521,3725.2036913155243,76.60287728687182,168.41761874696212,218.0394662337207,2024,p90
Secondary school or above,38,211,65281,3789.2782483928454,61.29624239824758,186.06977272611226,285.09137421301756,2024,p90
Secondary school or above,39,167,51090,4011.82108207738,98.09874730867098,149.8636474848307,43.52678280159196,2024,p90
Secondary school or above,40,232,67897,3864.017359628064,77.22432508063685,143.56486049948208,172.6480305953626,2024,p90
Secondary school or above,41,174,51299,3965.559794862798,107.95025244156807,139.57582019142674,83.35168976653216,2024,p90
Secondary school or above,42,157,48017,4021.639787297554,132.4580877605848,341.418490673442,53.65058208551138,2024,p90
Secondary school or above,43,165,51471,3969.137446329001,74.89774824658545,253.31772583914565,112.75384844540291,2024,p90
Secondary school or above,44,144,43185,3903.510030488981,37.81463471112655,212.39311489328855,99.19725213229901,2024,p90
Secondary school or above,45,148,41872,3917.356292192077,87.15487676729079,196.52293497643612,64.12905203158833,2024,p90
Secondary school or above,46,114,36116,3333.9521080222985,26.944013733525306,258.2440377302765,294.2776977886071,2024,p90
Secondary school or above,47,108,29628,3653.1137887583814,88.4227757526664,325.15019576076685,69.6694568201251,2024,p90
Secondary school or above,48,102,29611,4422.451141467698,72.55242984026206,169.02119707766258,26.678464084293,2024,p90
Secondary school or above,49,100,29459,3813.183158514093,42.70946060626633,286.3295512407074,49.416703440940516,2024,p90
Secondary school or above,50,89,27106,4128.314801151037,83.75083007452224,479.3533412036695,19.45970141912,2024,p90
Secondary school or above,51,69,18205,3611.3518355763067,47.55067289206262,197.6367298361256,258.01519729012176,2024,p90
Secondary school or above,52,83,19466,3229.8038545840614,27.82287064625501,291.0628360560293,32.0944210418165,2024,p90
Secondary school or above,53,55,13986,3664.187127603794,73.89103389103389,200.45045045045046,56.95929262595929,2024,p90
Secondary school or above,54,67,17612,3568.6553202362024,32.91392232568703,487.51018245135896,94.22268907563026,2024,p90
Secondary school or above,55,60,15373,3181.357471974674,43.03584206075587,146.91060083696524,276.66254688956826,2024,p90
Secondary school or above,56,59,16530,3559.341641459972,57.30030248033878,323.0923573301069,93.94595684613834,2024,p90
Secondary school or above,57,42,11662,3682.1616718115815,25.887326359115075,974.3583147544732,189.30520779740468,2024,p90
Secondary school or above,58,52,12717,3257.348889937354,24.449162538334512,449.24510497758905,189.70197373594402,2024,p90
Secondary school or above,59,36,8812,3225.2748051898925,37.38084430322288,560.5996557724316,22.807535179300952,2024,p90
At most primary school,15,120,51972,571.55531504143255,58.677345493727394,26.008286513250727,22.235049642114983,2024,p50
At most primary school,16,122,53586,830.983322758432,87.43543089612959,17.04702254320158,10.003856728747557,2024,p50
At most primary school,17,98,42278,1025.1860305596292,119.91674156771843,32.551563460901654,20.159610199157953,2024,p50
At most primary school,18,101,43950,998.6754645430412,77.49877133105802,27.904417899127793,5.894577171027683,2024,p50
At most primary school,19,82,31774,1038.440339061287,157.73777302196766,49.5260800234993,9.934747487463545,2024,p50
At most primary school,20,85,36720,1003.0762708787217,209.06072984749454,79.59766476034858,24.300108932461875,2024,p50
At most primary school,21,79,38740,1052.5990363104456,169.73355704697985,39.43903803131991,56.72431595250387,2024,p50
At most primary school,22,76,33127,1268.0291001298035,158.88948591783137,94.20892826596632,111.63904569283868,2024,p50
At most primary school,23,84,40398,1206.4285236892915,57.22622407049854,50.358082908394806,71.77789329504762,2024,p50
At most primary school,24,77,40557,1414.5660428532683,100.01824592548759,63.38527668877546,276.56877974209135,2024,p50
At most primary school,25,103,44318,1362.7826146637183,134.7267475969132,87.97538998450592,111.93608315658047,2024,p50
At most primary school,26,90,39630,1385.9576751619143,76.94688367398436,46.93592816889562,108.95617797964505,2024,p50
At most primary school,27,108,46656,1304.7680719878829,103.84420010288066,49.39888045839049,133.64297553726567,2024,p50
At most primary school,28,90,40261,1203.238825000207,65.30339534537146,83.67175016351639,33.31230388382471,2024,p50
At most primary school,29,99,42065,1362.1667894924522,129.8083917746345,137.53537184516028,49.77911169222235,2024,p50
At most primary school,30,127,51480,1246.5334757834758,120.54312354312354,58.176492488992494,277.05306915306915,2024,p50
At most primary school,31,114,46590,1406.0278994061673,57.24254131787937,107.40152035486871,214.49381126135793,2024,p50
At most primary school,32,125,47171,1447.6253029756986,75.79648512857476,112.01703200412683,145.84172478853532,2024,p50
At most primary school,33,147,62085,1452.5517623687956,64.95957155512603,88.55424015462673,101.07352822743013,2024,p50
At most primary school,34,141,53917,1600.3227924402322,35.73251479125322,100.72433864396511,50.55115578883592,2024,p50
At most primary school,35,120,46005,1682.6715755533817,190.085642864906,121.03929826468138,48.67804224178531,2024,p50
At most primary school,36,116,42367,1556.3678413230423,82.98446904430335,81.5263451900457,88.5116560845312,2024,p50
At most primary school,37,111,46168,1385.9372870097613,119.88314416912146,112.51135346271589,42.14174319875238,2024,p50
At most primary school,38,122,50124,1353.0673429893864,62.153758678477374,80.86558667837097,58.43281993988242,2024,p50
At most primary school,39,134,48827,1515.626405472382,50.04403301452066,142.9395962616312,117.25786962131608,2024,p50
At most primary school,40,158,65983,1416.7412730046628,48.50340239152509,88.66876064036695,131.82170660119525,2024,p50
At most primary school,41,105,42230,1501.3689083589866,61.04747809614018,57.915137343121,61.22582682137501,2024,p50
At most primary school,42,121,52219,1424.8248242976695,92.28248338727283,203.50032236031586,95.29896525530299,2024,p50
At most primary school,43,110,44751,1406.8416553075162,26.758284731067462,133.82788466551958,122.59107803922444,2024,p50
At most primary school,44,89,32861,1396.8298286722863,154.57137640363956,79.69936500207947,42.719840134708825,2024,p50
At most primary school,45,97,37820,1189.9115547329454,38.36065573770492,107.32044332804512,136.61158117398202,2024,p50
At most primary school,46,106,39861,1375.9921142637331,48.624971776924816,153.9656974653588,184.50197770586118,2024,p50
At most primary school,47,78,30059,1173.2396619980705,2.5310223227652284,77.25839182940217,12.33463078168491,2024,p50
At most primary school,48,89,33603,1257.1301074308842,39.90119929768176,156.63194754436608,113.34672499479213,2024,p50
At most primary school,49,84,36662,1241.4804384194354,19.019693415525612,78.55500927390759,98.67192188096666,2024,p50
At most primary school,50,97,34703,1206.9503597191406,20.937210039477854,100.71937824779799,307.7666676271984,2024,p50
At most primary school,51,68,28216,1306.0077142992154,45.0956903884321,168.16572748322466,71.35431433701918,2024,p50
At most primary school,52,82,32387,1058.3791644795751,14.144872942847439,76.48738691450274,230.16333714144565,2024,p50
At most primary school,53,66,28523,1077.1136626582056,43.08761350489079,280.3183395855976,10.783695029742079,2024,p50
At most primary school,54,77,30756,1175.717919538735,25.69436857848875,118.90547101920492,314.76351497810725,2024,p50
At most primary school,55,58,26976,1050.5552713523132,30.755486358244365,177.96655669236853,92.29562079873467,2024,p50
At most primary school,56,77,27311,1129.9046904177803,51.45692211929259,85.10978482418562,25.804010594021946,2024,p50
At most primary school,57,58,21827,1374.3815916067256,31.231960415998532,114.06289610726776,161.48882882057393,2024,p50
At most primary school,58,54,21046,884.0635750261332,38.09274921600304,116.69775729354747,111.11533466375242,2024,p50
At most primary school,59,56,24159,1364.3666128564923,19.31412724036591,158.69017067483477,339.89265560108726,2024,p50
Secondary school or above,15,70,25518,475.90716357081277,36.92585625832746,35.51128941662095,0,2024,p50
Secondary school or above,16,86,31665,398.93071214274437,46.61108479393652,27.39134954471288,19.59176798778883,2024,p50
Secondary school or above,17,77,27033,519.6663953932847,49.34672437391337,169.3362433568848,9.432915325713017,2024,p50
Secondary school or above,18,103,38569,975.4582717553822,115.2784101221188,40.875951757456335,30.902667945759546,2024,p50
Secondary school or above,19,77,30458,1177.6511370849475,111.90212751986341,63.70575874975376,31.00827368835774,2024,p50
Secondary school or above,20,84,29872,1190.8344268880558,131.92119710765934,145.55302624531333,57.20072308516336,2024,p50
Secondary school or above,21,52,19768,1458.1306994469176,87.36948603804127,180.09057146229597,206.53918791312557,2024,p50
Secondary school or above,22,70,27097,1186.2128279883382,97.96198841200133,341.43670578538826,61.219569202002674,2024,p50
Secondary school or above,23,81,29829,1503.3251868986556,55.61886084012203,63.12676701643814,119.71850659872385,2024,p50
Secondary school or above,24,87,33100,1542.6617472306143,55.11419939577039,160.4083836858006,43.84652567975831,2024,p50
Secondary school or above,25,75,28545,1540.6554446196064,49.22683482221054,137.05797863023295,67.12442342500147,2024,p50
Secondary school or above,26,59,21527,1872.6848376457472,106.15575788544618,72.04537712330252,145.30666914417554,2024,p50
Secondary school or above,27,78,27969,1619.6167065918219,54.52787014194286,96.43563707437997,150.01906873085676,2024,p50
Secondary school or above,28,87,31038,1870.0912591017463,106.64636896707262,161.71473945915758,89.57680907274953,2024,p50
Secondary school or above,29,69,25564,1589.8323879935324,263.55851979345954,242.4468719031972,724.8800396390758,2024,p50
Secondary school or above,30,74,32146,1487.8932059976357,67.62023268835937,127.36921649142455,214.7060080051432,2024,p50
Secondary school or above,31,57,19371,1634.6451912652935,92.37623251251871,113.69659112418907,210.64408996265894,2024,p50
Secondary school or above,32,74,25742,1603.133420091679,64.97746872814855,220.01533162406446,154.45316344236397,2024,p50
Secondary school or above,33,78,26381,1848.9482582161404,46.35112391493878,213.30771514852862,107.32805175441922,2024,p50
Secondary school or above,34,69,24710,1664.4371374612167,54.945366248482394,152.44374747065964,184.0516659921759,2024,p50
Secondary school or above,35,60,20721,1722.3948329392083,4.879108151151006,86.10582259543459,115.56403326737771,2024,p50
Secondary school or above,36,77,24890,1680.7754519887505,57.33788670148654,177.18796035891253,57.077809026382745,2024,p50
Secondary school or above,37,48,16844,2063.4182102430145,79.19852766563761,307.51726628670946,701.3789282039104,2024,p50
Secondary school or above,38,39,13170,1502.4061503416856,56.50113895216401,103.87987218425715,145.292331055429,2024,p50
Secondary school or above,39,39,12373,1829.3688946361701,16.993453487432312,248.77700773188934,65.2118860960694,2024,p50
Secondary school or above,40,54,16141,1788.0498936455815,18.334675670652377,200.21632282179954,212.4888999029387,2024,p50
Secondary school or above,41,34,10723,1868.7630171904627,117.82337032546862,223.51487456868415,65.73720041033293,2024,p50
Secondary school or above,42,28,9140,1605.4230123997083,17.396061269146607,431.1542669584245,37.00765864332604,2024,p50
Secondary school or above,43,32,11110,1614.1658715871586,113.16471647164717,247.14052655265527,98.64086408640864,2024,p50
Secondary school or above,44,30,10326,1812.4655884821486,26.573697462715476,525.4499967719026,186.18374330169797,2024,p50
Secondary school or above,45,26,7925,2084.4540483701367,0,334.32071503680334,73.6626708727655,2024,p50
Secondary school or above,46,33,10686,1469.598633726371,0,112.41187847027263,68.01422421860379,2024,p50
Secondary school or above,47,23,6837,1780.5841255911462,27.345326897762178,345.2513285554093,20.549948807956707,2024,p50
Secondary school or above,48,15,4701,1936.7601928667657,0,207.53385804438773,81.13521945685315,2024,p50
Secondary school or above,49,16,5335,1320.4245548266167,47.04779756326148,395.8073570759138,36.69165885660731,2024,p50
Secondary school or above,50,13,4197,1526.6545151298546,0,104.75339528234453,0,2024,p50
Secondary school or above,51,11,3302,2105.776700989299,11.483949121744397,832.9719362002827,443.36765596608114,2024,p50
Secondary school or above,52,16,3658,1371.4158921086203,85.28704209950793,935.688901038819,19.865135775469287,2024,p50
Secondary school or above,53,6,1636,635.0855745721271,0,509.678076609617,168.6002444987775,2024,p50
Secondary school or above,54,8,1899,2172.2661049675266,0,41.91679831490258,0,2024,p50
Secondary school or above,55,13,3735,1420.7041499330655,43.967871485943775,139.28157072735385,0,2024,p50
Secondary school or above,56,5,1629,1820.2259054634744,0,269.5416410886024,0,2024,p50
Secondary school or above,57,4,908,1258.7665198237885,8.502202643171806,666.7767988252571,956.8281938325991,2024,p50
Secondary school or above,58,10,2288,902.6369463869463,43.79370629370629,93.189102564102555,0,2024,p50
Secondary school or above,59,6,1520,483.09473684210525,0,657.8947368421053,0,2024,p50
